#beta	transition energy [Ry]	dipole strength	initial state energy [Ry]
1e-07	0.0525	0.00166475	-0.0625
7.75e-05	0.052556	0.00166475	-0.062654
0.0001025	0.052598	0.00166475	-0.062704
0.0001075	0.052607	0.00162438	-0.062713
0.0001125	0.052617	0.00158247	-0.062723
0.0001175	0.052627	0.0015391	-0.062733
0.0001225	0.052638	0.00149436	-0.062743
0.0001275	0.05265	0.00144834	-0.062753
0.0001325	0.052661	0.00139717	-0.062763
0.0001375	0.052673	0.00134508	-0.062773
0.0001425	0.052686	0.00129217	-0.062783
0.0001475	0.052699	0.00123855	-0.062793
0.0001525	0.052711	0.00118436	-0.062802
0.0001575	0.052725	0.00112972	-0.062812
0.0001625	0.05274	0.00107475	-0.062822
0.0001675	0.052754	0.00101959	-0.062832
0.0001725	0.052769	0.000963295	-0.062842
0.0001775	0.052784	0.000907138	-0.062852
0.0001825	0.052799	0.000851267	-0.062861
0.0001875	0.052815	0.000795826	-0.062871
0.0001925	0.052831	0.000740961	-0.062881
0.0001975	0.052847	0.000686823	-0.06289
0.0002025	0.052864	0.000633562	-0.0629
0.0002075	0.052882	0.000581332	-0.06291
0.0002125	0.052899	0.000529934	-0.06292
0.0002225	0.052936	0.000432149	-0.06294
0.0002275	0.052953	0.000385286	-0.062949
0.0002325	0.052972	0.000340289	-0.062959
0.0002375	0.052992	0.000297322	-0.062969
0.0002425	0.053011	0.00025655	-0.062979
0.0002475	0.053031	0.00021814	-0.062989
0.0002575	0.053071	0.000148871	-0.063008
0.0002625	0.053092	0.000118484	-0.063018
0.0002675	0.053113	9.11566e-05	-0.063028
0.0002725	0.053133	6.70612e-05	-0.063037
0.0002775	0.053155	4.63712e-05	-0.063047
0.0002825	0.053175	2.9261e-05	-0.063056
0.0002875	0.053198	1.7873e-05	-0.063066
0.0002925	0.05322	6.47239e-06	-0.063076
0.0003025	0.053264	1.64882e-07	-0.063095
0.0003125	0.053311	1.18185e-05	-0.063115
0.0003225	0.053357	4.29184e-05	-0.063134
0.0003275	0.053381	6.89517e-05	-0.063144
0.0003325	0.053405	9.50271e-05	-0.063154
0.0003425	0.053453	0.000169761	-0.063173
0.0003525	0.053502	0.000268757	-0.063192
0.0003625	0.053552	0.000393772	-0.063211
0.0003675	0.053578	0.000470231	-0.063221
0.0003725	0.053603	0.000546755	-0.06323
0.0003825	0.053655	0.00072979	-0.06325
0.0003925	0.053707	0.000945106	-0.063269
0.0004025	0.053759	0.00119533	-0.063288
0.0004075	0.053785	0.00133941	-0.063297
0.0004125	0.053812	0.00148356	-0.063307
0.0004225	0.053866	0.00181338	-0.063326
0.0004325	0.053921	0.0021891	-0.063345
0.0004425	0.053976	0.00261611	-0.063364
0.0004475	0.054004	0.00285869	-0.063374
0.0004525	0.054031	0.00310134	-0.063383
0.0004625	0.054088	0.00365373	-0.063403
0.0004725	0.054144	0.00428507	-0.063422
0.0004825	0.054201	0.00501154	-0.063441
0.0004875	0.054229	0.00543367	-0.06345
0.0004925	0.054258	0.00585584	-0.063459
0.0005025	0.054315	0.00685067	-0.063478
0.0005125	0.054374	0.00804461	-0.063497
0.0005225	0.054432	0.00951305	-0.063516
0.0005275	0.054461	0.0104456	-0.063525
0.0005325	0.054489	0.0113782	-0.063534
0.0005525	0.054608	0.0173096	-0.063573
0.0005675	0.054696	0.0276801	-0.063601
0.0005725	0.054725	0.0311372	-0.06361
0.0005775	0.054754	0.0377899	-0.06362
0.0005825	0.054781	0.047072	-0.063629
0.0005875	0.054809	0.0602838	-0.063639
0.00059	0.054822	0.0688161	-0.063643
0.0005925	0.054835	0.0788752	-0.063648
0.000595	0.054847	0.0904203	-0.063653
0.0005975	0.054858	0.103336	-0.063657
0.0006	0.05487	0.117129	-0.063662
0.0006025	0.05488	0.131058	-0.063667
0.000605	0.054889	0.144278	-0.063671
0.0006075	0.054898	0.156065	-0.063676
0.00061	0.054907	0.166006	-0.063681
0.0006125	0.054913	0.174017	-0.063685
0.000615	0.054921	0.18026	-0.06369
0.0006175	0.054928	0.185019	-0.063695
0.0006225	0.05494	0.191204	-0.063704
0.0006275	0.054951	0.194503	-0.063713
0.0006325	0.054961	0.196107	-0.063722
0.0006375	0.054972	0.196568	-0.063731
0.0006425	0.054983	0.195521	-0.063741
0.000645	0.054988	0.192135	-0.063745
0.00064625	0.054991	0.183743	-0.063748
0.000646875	0.054993	0.167876	-0.063749
0.0006475	0.054995	0.114724	-0.06375
0.0006478125	0.054998	0.0700132	-0.063751
0.000648125	0.055	0.0361654	-0.063751
0.0006484375	0.055004	0.0183614	-0.063752
0.00064875	0.055007	0.00990491	-0.063752
0.0006490625	0.055011	0.00569744	-0.063753
0.0006496875	0.055018	0.00215816	-0.063754
0.00065	0.055022	0.00138265	-0.063755
0.000650625	0.05503	0.000582229	-0.063756
0.000651875	0.055045	8.37886e-05	-0.063758
0.000654375	0.055076	2.14635e-05	-0.063763
0.000659375	0.055137	0.000243885	-0.063772
0.000669375	0.055259	0.000693059	-0.063791
0.000671875	0.05529	0.000846012	-0.063796
0.000674375	0.055318	0.00104567	-0.0638
0.000675625	0.055333	0.00116954	-0.063803
0.000676875	0.055347	0.00131119	-0.063805
0.000678125	0.05536	0.00146867	-0.063807
0.000679375	0.055374	0.00163221	-0.06381
0.000680625	0.055385	0.00178912	-0.063812
0.000681875	0.055396	0.0019258	-0.063814
0.000683125	0.055408	0.00203559	-0.063817
0.000684375	0.055418	0.00211887	-0.063819
0.000685625	0.055427	0.00218298	-0.063821
0.000686875	0.055437	0.00223496	-0.063824
0.0006875	0.055441	0.00225759	-0.063825
0.000688125	0.055445	0.00228023	-0.063826
0.000689375	0.055454	0.00232238	-0.063828
0.000690625	0.055463	0.00236326	-0.063831
0.000693125	0.055479	0.00244539	-0.063835
0.000698125	0.055513	0.00261607	-0.063845
0.000703125	0.055544	0.00279092	-0.063854
0.000708125	0.055576	0.0029629	-0.063863
0.000713125	0.055608	0.00312687	-0.063872
0.000723125	0.055672	0.00341884	-0.063891
0.0007275	0.0557	0.00350555	-0.063899
0.000743125	0.055799	0.00381387	-0.063928
0.0007675	0.055953	0.00371343	-0.063972
0.000783125	0.056052	0.00364739	-0.064001
0.0008075	0.056207	0.00258679	-0.064046
0.000823125	0.056305	0.00190829	-0.064074
0.000833125	0.056368	0.00123983	-0.064092
0.000843125	0.05643	0.000563249	-0.06411
0.0008475	0.056457	0.000343316	-0.064118
0.000853125	0.056492	6.18514e-05	-0.064128
0.000863125	0.056554	0.000217247	-0.064147
0.000868125	0.056583	0.000879182	-0.064156
0.000873125	0.056613	0.00229523	-0.064165
0.000878125	0.056641	0.00493115	-0.064174
0.000880625	0.056654	0.00690838	-0.064178
0.000883125	0.056668	0.00945572	-0.064183
0.000885625	0.056682	0.0126756	-0.064188
0.0008875	0.056691	0.0156626	-0.064191
0.000888125	0.056694	0.0166585	-0.064192
0.000890625	0.056707	0.0214629	-0.064197
0.000893125	0.056718	0.0270906	-0.064201
0.000895625	0.05673	0.0334669	-0.064206
0.000898125	0.05674	0.0404345	-0.06421
0.000900625	0.056751	0.047768	-0.064215
0.000903125	0.05676	0.0552081	-0.064219
0.000905625	0.056769	0.0625041	-0.064224
0.000908125	0.056777	0.0694497	-0.064228
0.000910625	0.056786	0.0759022	-0.064233
0.000913125	0.056793	0.0817828	-0.064237
0.000918125	0.056807	0.0917676	-0.064246
0.000923125	0.056821	0.0995812	-0.064255
0.0009275	0.056832	0.104866	-0.064263
0.000928125	0.056833	0.105621	-0.064264
0.000933125	0.056845	0.110287	-0.064273
0.000938125	0.056857	0.113907	-0.064282
0.000943125	0.056869	0.11673	-0.064291
0.000948125	0.05688	0.118939	-0.0643
0.000958125	0.056902	0.122015	-0.064318
0.0009675	0.056922	0.123308	-0.064335
0.000978125	0.056945	0.124771	-0.064354
0.0010075	0.057009	0.123337	-0.064407
0.001018125	0.057032	0.122815	-0.064426
0.001028125	0.057054	0.121146	-0.064444
0.001038125	0.057075	0.118989	-0.064461
0.0010475	0.057097	0.116458	-0.064478
0.001048125	0.057098	0.116289	-0.064479
0.001058125	0.057121	0.112965	-0.064497
0.001068125	0.057145	0.108904	-0.064515
0.001078125	0.057169	0.103945	-0.064532
0.001083125	0.057182	0.101066	-0.064541
0.0010875	0.057193	0.0982793	-0.064549
0.001088125	0.057194	0.0978812	-0.06455
0.001093125	0.057208	0.0943543	-0.064559
0.001098125	0.057222	0.0904469	-0.064568
0.001103125	0.057236	0.0861188	-0.064577
0.001108125	0.05725	0.0813296	-0.064586
0.001113125	0.057264	0.076044	-0.064594
0.001118125	0.05728	0.0702379	-0.064603
0.001123125	0.057297	0.0639083	-0.064612
0.0011275	0.057313	0.0579403	-0.06462
0.001128125	0.057315	0.0570877	-0.064621
0.001130625	0.057323	0.0535169	-0.064625
0.001133125	0.057333	0.0498591	-0.06463
0.001135625	0.057343	0.0461349	-0.064634
0.001140625	0.057363	0.0385923	-0.064643
0.001143125	0.057374	0.0348364	-0.064647
0.001145625	0.057385	0.0311381	-0.064652
0.001148125	0.057396	0.027535	-0.064656
0.001150625	0.057408	0.0240651	-0.06466
0.001153125	0.057421	0.0207646	-0.064665
0.001155625	0.057433	0.0176663	-0.064669
0.001158125	0.057446	0.0147981	-0.064674
0.001160625	0.05746	0.0121818	-0.064678
0.001163125	0.057473	0.00983182	-0.064682
0.001165625	0.057488	0.00775782	-0.064687
0.0011675	0.057499	0.00640688	-0.06469
0.001168125	0.057502	0.00595651	-0.064691
0.001170625	0.057517	0.00442468	-0.064695
0.001173125	0.057533	0.00315068	-0.0647
0.001175625	0.057548	0.00212224	-0.064704
0.001180625	0.05758	0.0007279	-0.064713
0.001183125	0.057596	0.000322941	-0.064717
0.001185625	0.057613	8.69185e-05	-0.064722
0.001188125	0.05763	1.09581e-06	-0.064726
0.001190625	0.057647	4.78048e-05	-0.06473
0.001193125	0.057665	0.000210781	-0.064735
0.001198125	0.0577	0.000828283	-0.064744
0.001203125	0.057735	0.00175495	-0.064752
0.001208125	0.057772	0.00291619	-0.064761
0.001213125	0.057809	0.00425842	-0.06477
0.001218125	0.057847	0.0057455	-0.064779
0.001223125	0.057883	0.00735557	-0.064787
0.001228125	0.057921	0.00907847	-0.064796
0.001238125	0.057998	0.0128707	-0.064814
0.0012475	0.05807	0.0169521	-0.06483
0.001248125	0.058075	0.0172242	-0.064831
0.001258125	0.058151	0.0223842	-0.064848
0.001268125	0.058228	0.0287732	-0.064866
0.001273125	0.058265	0.0326247	-0.064874
0.001278125	0.058303	0.0370449	-0.064883
0.001283125	0.058339	0.0421493	-0.064891
0.0012875	0.058371	0.0473056	-0.064899
0.001288125	0.058376	0.0480423	-0.0649
0.001290625	0.058393	0.051306	-0.064904
0.001293125	0.058411	0.0547817	-0.064909
0.001295625	0.058427	0.0584591	-0.064913
0.001298125	0.058443	0.0623159	-0.064917
0.001300625	0.05846	0.0663156	-0.064922
0.001303125	0.058475	0.0704066	-0.064926
0.001305625	0.05849	0.0745228	-0.06493
0.001308125	0.058505	0.0785866	-0.064935
0.001310625	0.058519	0.0825144	-0.064939
0.001313125	0.058531	0.0862244	-0.064943
0.001315625	0.058545	0.0896441	-0.064948
0.001318125	0.058556	0.0927179	-0.064952
0.001320625	0.058567	0.0954175	-0.064956
0.001323125	0.058578	0.0977125	-0.06496
0.001325625	0.058589	0.0996167	-0.064965
0.0013275	0.058596	0.100767	-0.064968
0.001328125	0.058599	0.101151	-0.064969
0.001330625	0.058608	0.102343	-0.064973
0.001333125	0.058617	0.103231	-0.064978
0.001338125	0.058634	0.104239	-0.064986
0.001340625	0.058642	0.104429	-0.06499
0.001348125	0.058665	0.104086	-0.065003
0.001350625	0.058672	0.103741	-0.065007
0.001355625	0.058687	0.1028	-0.065016
0.001360625	0.0587	0.101594	-0.065024
0.001365625	0.058714	0.100178	-0.065033
0.0013675	0.058719	0.0995804	-0.065036
0.001370625	0.058727	0.0985844	-0.065041
0.001380625	0.058754	0.0949111	-0.065059
0.001400625	0.058806	0.085412	-0.065093
0.001405625	0.058821	0.0824585	-0.065102
0.0014075	0.058826	0.0812368	-0.065105
0.001410625	0.058834	0.0792009	-0.06511
0.001415625	0.058849	0.0755892	-0.065119
0.001420625	0.058863	0.071566	-0.065127
0.001425625	0.058878	0.0670681	-0.065136
0.001430625	0.058894	0.0620311	-0.065144
0.001435625	0.058911	0.0563995	-0.065153
0.001438125	0.05892	0.0533503	-0.065157
0.001440625	0.058929	0.0501458	-0.065161
0.001443125	0.058939	0.0467916	-0.065166
0.001445625	0.058949	0.0432999	-0.06517
0.0014475	0.058956	0.0405925	-0.065173
0.001448125	0.058958	0.0396901	-0.065174
0.001450625	0.058969	0.0359903	-0.065178
0.001453125	0.05898	0.0322376	-0.065182
0.001455625	0.058992	0.0284783	-0.065187
0.001458125	0.059004	0.0247668	-0.065191
0.001460625	0.059016	0.0211626	-0.065195
0.001463125	0.05903	0.0177272	-0.065199
0.001465625	0.059044	0.0145191	-0.065204
0.001468125	0.059058	0.0115894	-0.065208
0.001470625	0.059073	0.00897802	-0.065212
0.001473125	0.059088	0.00671072	-0.065216
0.001475625	0.059104	0.00479875	-0.06522
0.001478125	0.059122	0.00323951	-0.065225
0.001480625	0.059138	0.00201888	-0.065229
0.001483125	0.059156	0.00111412	-0.065233
0.001485625	0.059173	0.000497085	-0.065237
0.001488125	0.059192	0.000137001	-0.065242
0.001493125	0.059229	6.49261e-05	-0.06525
0.001498125	0.059267	0.000672441	-0.065258
0.001503125	0.059307	0.00178069	-0.065267
0.001508125	0.059346	0.00326269	-0.065275
0.001518125	0.059426	0.00706315	-0.065292
0.0015275	0.059502	0.0121216	-0.065308
0.001538125	0.059587	0.0178395	-0.065326
0.001543125	0.059625	0.0214779	-0.065334
0.001548125	0.059665	0.0257058	-0.065343
0.001553125	0.059702	0.030683	-0.065351
0.001555625	0.05972	0.0335069	-0.065355
0.001558125	0.059738	0.0365813	-0.065359
0.001560625	0.059756	0.0399206	-0.065363
0.001563125	0.059774	0.0435296	-0.065368
0.001565625	0.059791	0.047398	-0.065372
0.0015675	0.059803	0.0504697	-0.065375
0.001568125	0.059807	0.0514936	-0.065376
0.001570625	0.059823	0.0557575	-0.06538
0.001573125	0.059838	0.0601017	-0.065384
0.001575625	0.059852	0.0644117	-0.065388
0.001578125	0.059867	0.0685577	-0.065393
0.001580625	0.059879	0.0724111	-0.065397
0.001583125	0.059891	0.0758634	-0.065401
0.001585625	0.059903	0.0788414	-0.065405
0.001588125	0.059913	0.0813134	-0.065409
0.001590625	0.059923	0.0832861	-0.065413
0.001593125	0.059932	0.0847956	-0.065417
0.001595625	0.059941	0.0858952	-0.065421
0.001598125	0.05995	0.0866454	-0.065426
0.001600625	0.059958	0.0871056	-0.06543
0.001603125	0.059966	0.0873301	-0.065434
0.001613125	0.059994	0.0866937	-0.06545
0.001618125	0.060008	0.0858355	-0.065459
0.001623125	0.06002	0.0847883	-0.065467
0.001633125	0.060046	0.0823563	-0.065484
0.001643125	0.06007	0.0796388	-0.065501
0.0016475	0.06008	0.0783482	-0.065508
0.001653125	0.060093	0.0766897	-0.065517
0.001663125	0.060118	0.0734903	-0.065534
0.001673125	0.060141	0.0699928	-0.06555
0.001683125	0.060167	0.0661369	-0.065567
0.0016875	0.060178	0.0642656	-0.065574
0.001693125	0.060192	0.0618597	-0.065583
0.001703125	0.060217	0.0571041	-0.065599
0.001708125	0.060232	0.0545337	-0.065608
0.001713125	0.060245	0.0518319	-0.065616
0.001718125	0.060259	0.049	-0.065624
0.001723125	0.060273	0.0460429	-0.065632
0.0017275	0.060286	0.0433543	-0.065639
0.001728125	0.060288	0.0429702	-0.06564
0.001733125	0.060303	0.0397966	-0.065648
0.001738125	0.060319	0.0365498	-0.065656
0.001743125	0.060336	0.0332403	-0.065665
0.001748125	0.060353	0.0299073	-0.065673
0.001753125	0.06037	0.0265868	-0.065681
0.001758125	0.060387	0.0233186	-0.065689
0.001763125	0.060406	0.0201441	-0.065697
0.001768125	0.060426	0.0171044	-0.065706
0.001773125	0.060445	0.0142389	-0.065714
0.001778125	0.060465	0.0115826	-0.065722
0.001783125	0.060485	0.00916522	-0.06573
0.001788125	0.060506	0.00701011	-0.065738
0.001793125	0.060528	0.00513412	-0.065746
0.001798125	0.060551	0.00354777	-0.065755
0.001803125	0.060573	0.00225601	-0.065763
0.0018075	0.060593	0.00138392	-0.06577
0.001808125	0.060596	0.00125931	-0.065771
0.001818125	0.060643	0.000137038	-0.065787
0.001823125	0.060666	5.717e-09	-0.065795
0.001828125	0.060691	0.000137179	-0.065804
0.001833125	0.060715	0.000542655	-0.065812
0.001838125	0.06074	0.00121159	-0.06582
0.001843125	0.060764	0.0021405	-0.065828
0.0018475	0.060785	0.00329179	-0.065835
0.001853125	0.060812	0.0047711	-0.065844
0.001863125	0.060861	0.00842951	-0.06586
0.001873125	0.060908	0.0131076	-0.065876
0.001878125	0.060931	0.0158154	-0.065884
0.001883125	0.060954	0.0187507	-0.065892
0.0018875	0.060973	0.0215	-0.065899
0.001888125	0.060976	0.0218927	-0.0659
0.001893125	0.060998	0.0251983	-0.065908
0.001898125	0.061019	0.0286264	-0.065916
0.001903125	0.06104	0.0321188	-0.065924
0.001908125	0.06106	0.03561	-0.065932
0.001913125	0.061079	0.0390309	-0.06594
0.001918125	0.061097	0.0423141	-0.065948
0.001923125	0.061115	0.0454	-0.065956
0.0019275	0.06113	0.0478861	-0.065963
0.001928125	0.061132	0.0482412	-0.065964
0.001933125	0.061148	0.0508053	-0.065972
0.001938125	0.061163	0.0530762	-0.06598
0.001943125	0.061178	0.0550517	-0.065988
0.001948125	0.061193	0.0567413	-0.065996
0.001953125	0.061206	0.0581661	-0.066004
0.001958125	0.06122	0.0593412	-0.066012
0.001963125	0.061232	0.060296	-0.06602
0.0019675	0.061243	0.0609606	-0.066027
0.001968125	0.061245	0.0610555	-0.066028
0.001973125	0.061257	0.0616441	-0.066036
0.001978125	0.061269	0.0620844	-0.066044
0.001988125	0.061291	0.0625978	-0.066059
0.001998125	0.061313	0.0627277	-0.066075
0.0020075	0.061334	0.0625815	-0.06609
0.002018125	0.061356	0.0621991	-0.066107
0.002028125	0.061375	0.0616589	-0.066122
0.002038125	0.061395	0.060985	-0.066138
0.002048125	0.061416	0.0601997	-0.066154
0.002068125	0.061454	0.0583481	-0.066185
0.0020875	0.061492	0.0560675	-0.066216
0.002108125	0.061532	0.0536342	-0.066248
0.0021275	0.06157	0.0506121	-0.066279
0.002148125	0.06161	0.0473873	-0.066311
0.002158125	0.061629	0.045517	-0.066326
0.0021675	0.061649	0.043623	-0.066341
0.002168125	0.06165	0.0434966	-0.066342
0.002178125	0.06167	0.0413102	-0.066357
0.002188125	0.061691	0.0389415	-0.066373
0.002198125	0.061712	0.0363745	-0.066388
0.0022075	0.061733	0.0337688	-0.066403
0.002208125	0.061734	0.033595	-0.066404
0.002218125	0.061756	0.0305929	-0.066419
0.002228125	0.061778	0.0273676	-0.066434
0.002238125	0.061803	0.0239322	-0.06645
0.0022475	0.061825	0.0205462	-0.066464
0.002248125	0.061827	0.0203204	-0.066465
0.002253125	0.06184	0.0184666	-0.066473
0.002258125	0.061852	0.0165952	-0.06648
0.002263125	0.061866	0.0147201	-0.066488
0.002273125	0.061894	0.0110277	-0.066504
0.002278125	0.061907	0.00925164	-0.066511
0.002283125	0.061922	0.00755396	-0.066519
0.0022875	0.061936	0.00615997	-0.066526
0.002288125	0.061938	0.0059609	-0.066527
0.002293125	0.061954	0.00449987	-0.066535
0.002298125	0.061969	0.00319917	-0.066542
0.002303125	0.061985	0.00208675	-0.06655
0.002308125	0.062001	0.00118821	-0.066557
0.002313125	0.062018	0.000527849	-0.066565
0.002318125	0.062035	0.000126434	-0.066572
0.002323125	0.062053	8.09879e-07	-0.06658
0.002328125	0.06207	0.000163425	-0.066587
0.002338125	0.062108	0.00137971	-0.066603
0.002348125	0.062145	0.00378125	-0.066618
0.002358125	0.062183	0.00730393	-0.066633
0.0023675	0.062219	0.0115396	-0.066647
0.002368125	0.062222	0.0118225	-0.066648
0.002388125	0.062298	0.0230882	-0.066678
0.002398125	0.062337	0.0293367	-0.066694
0.0024075	0.062372	0.0352044	-0.066708
0.002408125	0.062374	0.0355958	-0.066709
0.002418125	0.06241	0.0415229	-0.066724
0.002428125	0.062445	0.0467239	-0.066739
0.002438125	0.06248	0.0506701	-0.066754
0.0024475	0.062513	0.0523022	-0.066768
0.002448125	0.062515	0.0524105	-0.066769
0.002453125	0.062534	0.0518913	-0.066776
0.002458125	0.062554	0.049968	-0.066784
0.002460625	0.062563	0.048356	-0.066787
0.002463125	0.062574	0.0462651	-0.066791
0.002465625	0.062585	0.0437056	-0.066795
0.002468125	0.062596	0.0406992	-0.066798
0.002470625	0.062609	0.0373367	-0.066802
0.002473125	0.062622	0.0337413	-0.066806
0.002475625	0.062635	0.0300539	-0.066809
0.002478125	0.062649	0.0264098	-0.066813
0.002480625	0.062664	0.0229202	-0.066817
0.002483125	0.062679	0.0196624	-0.066821
0.002485625	0.062693	0.0166798	-0.066824
0.0024875	0.062705	0.0146614	-0.066827
0.002488125	0.062709	0.0139885	-0.066828
0.002493125	0.062739	0.00945871	-0.066835
0.002503125	0.062803	0.0033452	-0.06685
0.002508125	0.062834	0.00151567	-0.066858
0.002513125	0.062865	0.000409699	-0.066865
0.002518125	0.062895	2.65896e-06	-0.066873
0.002523125	0.062924	0.000289076	-0.06688
0.0025275	0.062949	0.00114344	-0.066887
0.002528125	0.062953	0.00126585	-0.066888
0.002530625	0.062967	0.00200891	-0.066892
0.002533125	0.06298	0.00291651	-0.066895
0.002535625	0.062993	0.0039823	-0.066899
0.002538125	0.063006	0.00519774	-0.066903
0.002540625	0.063018	0.00655451	-0.066906
0.002545625	0.063043	0.00962496	-0.066914
0.002548125	0.063054	0.0112614	-0.066917
0.002550625	0.063065	0.0130679	-0.066921
0.002553125	0.063077	0.0148332	-0.066925
0.002555625	0.063086	0.0167346	-0.066928
0.002558125	0.063097	0.0185588	-0.066932
0.002560625	0.063108	0.0204327	-0.066936
0.002563125	0.063118	0.0222911	-0.06694
0.002565625	0.063126	0.0241187	-0.066943
0.0025675	0.063133	0.025435	-0.066946
0.002570625	0.063145	0.0276301	-0.066951
0.002575625	0.063162	0.0308837	-0.066958
0.002580625	0.063178	0.0338276	-0.066965
0.002585625	0.063194	0.0364386	-0.066973
0.002590625	0.063208	0.0387149	-0.06698
0.002595625	0.063222	0.0406702	-0.066987
0.002600625	0.063235	0.0423277	-0.066994
0.002605625	0.063249	0.0437155	-0.067002
0.002610625	0.063261	0.0448632	-0.067009
0.002615625	0.063273	0.0458001	-0.067016
0.002620625	0.063285	0.0465535	-0.067024
0.002625625	0.063296	0.0471483	-0.067031
0.002630625	0.063307	0.0476068	-0.067038
0.002640625	0.063329	0.04819	-0.067053
0.0026475	0.063343	0.048355	-0.067063
0.002650625	0.06335	0.0484297	-0.067068
0.002670625	0.063389	0.0482267	-0.067097
0.002680625	0.063407	0.047899	-0.067111
0.0026875	0.06342	0.0476058	-0.067121
0.002690625	0.063426	0.0474722	-0.067126
0.002700625	0.063444	0.0469714	-0.06714
0.002720625	0.063479	0.0458119	-0.067169
0.0027275	0.063491	0.0453634	-0.067179
0.002740625	0.063514	0.0445058	-0.067198
0.002760625	0.063549	0.0430873	-0.067227
0.0027675	0.063561	0.042562	-0.067237
0.002780625	0.063583	0.0415589	-0.067256
0.0028075	0.063628	0.0392016	-0.067294
0.002820625	0.063651	0.0380513	-0.067313
0.002840625	0.063684	0.0359316	-0.067341
0.0028475	0.063696	0.0350547	-0.067351
0.002860625	0.06372	0.033384	-0.06737
0.002870625	0.063737	0.0318718	-0.067384
0.002880625	0.063755	0.0301374	-0.067398
0.002890625	0.063774	0.0281149	-0.067412
0.002900625	0.063794	0.0257201	-0.067426
0.002905625	0.063804	0.0243528	-0.067433
0.002910625	0.063814	0.0228554	-0.06744
0.002915625	0.063825	0.0212171	-0.067447
0.002920625	0.063836	0.019431	-0.067454
0.002925625	0.063848	0.0174969	-0.067461
0.0029275	0.063853	0.0167203	-0.067464
0.002930625	0.063861	0.0154264	-0.067468
0.002935625	0.063874	0.0132469	-0.067475
0.002940625	0.063888	0.0110051	-0.067482
0.002945625	0.063903	0.00877011	-0.067489
0.002950625	0.063919	0.00662835	-0.067496
0.002955625	0.063936	0.00467446	-0.067503
0.002958125	0.063945	0.0037963	-0.067507
0.002960625	0.063954	0.00299703	-0.06751
0.002963125	0.063963	0.00228449	-0.067514
0.0029675	0.06398	0.00128484	-0.06752
0.002968125	0.063983	0.00114164	-0.067521
0.002973125	0.064003	0.000393165	-0.067528
0.002978125	0.064024	3.72338e-05	-0.067535
0.002983125	0.064045	5.42851e-05	-0.067542
0.002988125	0.064067	0.000416404	-0.067549
0.002993125	0.06409	0.00109547	-0.067556
0.002998125	0.064112	0.00206847	-0.067563
0.0030075	0.064154	0.00466811	-0.067576
0.003008125	0.064157	0.00484051	-0.067577
0.003018125	0.064202	0.00866859	-0.067591
0.003023125	0.064223	0.01095	-0.067598
0.003028125	0.064244	0.0134289	-0.067605
0.003033125	0.064264	0.0160284	-0.067612
0.003035625	0.064273	0.017343	-0.067615
0.003038125	0.064282	0.0186451	-0.067619
0.003040625	0.064291	0.0199175	-0.067622
0.003043125	0.0643	0.0211433	-0.067626
0.003045625	0.064308	0.0223065	-0.067629
0.0030475	0.064314	0.0230892	-0.067632
0.003050625	0.064324	0.0243943	-0.067636
0.003053125	0.064332	0.0253015	-0.06764
0.003055625	0.064338	0.0261117	-0.067643
0.003058125	0.064345	0.0268246	-0.067647
0.003060625	0.064352	0.0274429	-0.06765
0.003063125	0.064358	0.027971	-0.067653
0.003068125	0.06437	0.0287829	-0.06766
0.003073125	0.064381	0.0293179	-0.067667
0.003078125	0.064392	0.0296348	-0.067674
0.003083125	0.064403	0.0297814	-0.067681
0.003093125	0.064423	0.0297314	-0.067695
0.003098125	0.064432	0.0295905	-0.067702
0.003108125	0.064449	0.0291691	-0.067715
0.003118125	0.064467	0.0286332	-0.067729
0.0031275	0.064483	0.0280704	-0.067742
0.003128125	0.064484	0.028033	-0.067743
0.003138125	0.0645	0.0273948	-0.067756
0.003158125	0.064533	0.0260536	-0.067784
0.003178125	0.064564	0.0246557	-0.067811
0.003198125	0.064596	0.0232066	-0.067838
0.0032075	0.064611	0.0224993	-0.067851
0.003218125	0.064627	0.0216988	-0.067865
0.0032475	0.064674	0.0193237	-0.067905
0.003258125	0.06469	0.0184659	-0.067919
0.0032875	0.064737	0.01582	-0.067959
0.003298125	0.064753	0.0148635	-0.067973
0.003318125	0.064786	0.0129104	-0.068
0.0033275	0.064802	0.0119506	-0.068013
0.003338125	0.064819	0.0108629	-0.068027
0.003358125	0.064853	0.0087442	-0.068054
0.0033675	0.064868	0.00773949	-0.068066
0.003378125	0.064886	0.00660122	-0.06808
0.003398125	0.064921	0.0045158	-0.068107
0.0034075	0.064938	0.0035941	-0.068119
0.003408125	0.064939	0.00353268	-0.06812
0.003418125	0.064957	0.00261631	-0.068133
0.003428125	0.064975	0.00179136	-0.068146
0.003448125	0.065012	0.000530818	-0.068172
0.003458125	0.065031	0.000158822	-0.068185
0.003468125	0.065051	2.8469e-06	-0.068199
0.003478125	0.065071	9.40033e-05	-0.068212
0.0034875	0.06509	0.000436147	-0.068224
0.003488125	0.065091	0.000459068	-0.068225
0.003498125	0.065111	0.00111776	-0.068238
0.003518125	0.065152	0.00334364	-0.068264
0.0035275	0.065171	0.00491695	-0.068276
0.003538125	0.065194	0.00670481	-0.06829
0.003558125	0.065235	0.010929	-0.068316
0.0035675	0.065254	0.0131029	-0.068328
0.003578125	0.065277	0.0155708	-0.068342
0.003598125	0.065317	0.020185	-0.068368
0.0036075	0.065336	0.0222197	-0.06838
0.003608125	0.065337	0.0223555	-0.068381
0.003618125	0.065356	0.0243797	-0.068394
0.003628125	0.065375	0.0262361	-0.068406
0.0036475	0.065411	0.0292959	-0.068431
0.003648125	0.065412	0.0293946	-0.068432
0.003658125	0.06543	0.0306916	-0.068445
0.003668125	0.065447	0.0318079	-0.068457
0.003678125	0.065465	0.0327541	-0.06847
0.0036875	0.065481	0.0334942	-0.068482
0.003688125	0.065482	0.0335436	-0.068483
0.003698125	0.065498	0.0341909	-0.068495
0.003718125	0.065531	0.0351187	-0.068521
0.003738125	0.065563	0.035651	-0.068546
0.003758125	0.065594	0.0358855	-0.068571
0.003798125	0.065654	0.0357562	-0.068622
0.0038075	0.065668	0.0356354	-0.068634
0.003818125	0.065683	0.0354982	-0.068647
0.003838125	0.065712	0.0351593	-0.068672
0.0038475	0.065725	0.0349647	-0.068683
0.003878125	0.065768	0.0343283	-0.068721
0.0038875	0.065781	0.0341062	-0.068733
0.003918125	0.065824	0.0333812	-0.068771
0.0039275	0.065837	0.0331439	-0.068783
0.003958125	0.065879	0.0323705	-0.068821
0.0039675	0.065891	0.0321203	-0.068832
0.003998125	0.065932	0.0313069	-0.068869
0.0040475	0.065999	0.0297863	-0.068929
0.004078125	0.066041	0.0288592	-0.068967
0.0040875	0.066054	0.028496	-0.068978
0.004098125	0.066069	0.0280869	-0.068991
0.004118125	0.066096	0.027168	-0.069015
0.0041275	0.066109	0.0266203	-0.069026
0.004138125	0.066125	0.0260036	-0.069039
0.004148125	0.06614	0.0252768	-0.069051
0.004158125	0.066156	0.0244112	-0.069063
0.0041675	0.06617	0.0234187	-0.069074
0.004168125	0.066171	0.0233527	-0.069075
0.004178125	0.066187	0.0220359	-0.069086
0.004183125	0.066196	0.021254	-0.069092
0.004188125	0.066205	0.0203732	-0.069098
0.004193125	0.066214	0.0193805	-0.069104
0.004198125	0.066224	0.0182635	-0.06911
0.004203125	0.066234	0.017012	-0.069116
0.0042075	0.066243	0.0157945	-0.069121
0.004208125	0.066245	0.0156206	-0.069122
0.004213125	0.066256	0.014092	-0.069128
0.004218125	0.066268	0.0124394	-0.069134
0.004223125	0.06628	0.0106912	-0.06914
0.004228125	0.066294	0.00889215	-0.069146
0.004233125	0.066308	0.00709862	-0.069152
0.004238125	0.066323	0.00538034	-0.069158
0.004243125	0.066339	0.00380469	-0.069164
0.0042475	0.066353	0.0026113	-0.069169
0.004248125	0.066355	0.00244045	-0.06917
0.004253125	0.066372	0.00134269	-0.069176
0.004258125	0.066388	0.00055363	-0.069181
0.004268125	0.066423	1.28994e-05	-0.069193
0.004278125	0.066458	0.000930917	-0.069205
0.004283125	0.066475	0.00191601	-0.069211
0.004288125	0.066491	0.00320233	-0.069217
0.004293125	0.066507	0.00472201	-0.069223
0.004298125	0.066521	0.00638579	-0.069228
0.004303125	0.066534	0.00809471	-0.069234
0.004308125	0.066547	0.00975644	-0.06924
0.004313125	0.066559	0.0112995	-0.069246
0.004318125	0.066571	0.0126798	-0.069252
0.004323125	0.066581	0.0138795	-0.069258
0.0043275	0.066589	0.0147723	-0.069263
0.004328125	0.066591	0.0149	-0.069264
0.004333125	0.0666	0.0157552	-0.069269
0.004338125	0.066609	0.0164643	-0.069275
0.004343125	0.066617	0.0170505	-0.069281
0.004348125	0.066626	0.0175287	-0.069287
0.004353125	0.066633	0.017919	-0.069292
0.004363125	0.066649	0.0184939	-0.069304
0.0043675	0.066655	0.0186565	-0.069309
0.004373125	0.066662	0.0188673	-0.069315
0.004383125	0.066677	0.019101	-0.069327
0.004393125	0.06669	0.0192366	-0.069338
0.0044075	0.066709	0.0192959	-0.069355
0.004413125	0.066716	0.0193212	-0.069361
0.004433125	0.066742	0.0192404	-0.069384
0.0044475	0.066761	0.0191132	-0.069401
0.004453125	0.066768	0.0190647	-0.069407
0.004473125	0.066793	0.0188277	-0.06943
0.0044875	0.066811	0.0186123	-0.069447
0.004513125	0.066842	0.0182352	-0.069476
0.0045275	0.06686	0.017962	-0.069493
0.004593125	0.066939	0.016739	-0.069567
0.0046075	0.066956	0.0163419	-0.069583
0.0046875	0.067053	0.0141547	-0.069673
0.004753125	0.06713	0.0123909	-0.069745
0.0047675	0.067148	0.01185	-0.069761
0.004773125	0.067155	0.0116387	-0.069767
0.004793125	0.067179	0.0108126	-0.069789
0.004813125	0.067204	0.00989945	-0.069811
0.004833125	0.067228	0.00888457	-0.069832
0.0048475	0.067246	0.0080709	-0.069848
0.004853125	0.067253	0.00775292	-0.069854
0.004873125	0.067279	0.00649225	-0.069876
0.004893125	0.067306	0.00509972	-0.069898
0.004903125	0.067319	0.00435987	-0.069908
0.004913125	0.067333	0.00359996	-0.069919
0.004923125	0.067347	0.00283293	-0.06993
0.0049275	0.067354	0.00250339	-0.069935
0.004933125	0.067362	0.00207946	-0.069941
0.004943125	0.067377	0.0013701	-0.069952
0.004953125	0.067392	0.000748298	-0.069962
0.004963125	0.067408	0.000273212	-0.069973
0.004973125	0.067424	2.02404e-05	-0.069983
0.004983125	0.067442	7.78414e-05	-0.069994
0.004993125	0.067461	0.00053834	-0.070005
0.005003125	0.067479	0.00148146	-0.070015
0.0050075	0.067488	0.00212645	-0.07002
0.005013125	0.067499	0.00295224	-0.070026
0.005023125	0.06752	0.00493934	-0.070037
0.005033125	0.06754	0.00736295	-0.070047
0.005043125	0.067561	0.010078	-0.070058
0.005063125	0.067603	0.0156121	-0.070079
0.005073125	0.067623	0.0180606	-0.07009
0.005083125	0.067642	0.0201151	-0.0701
0.0050875	0.06765	0.0208159	-0.070105
0.005093125	0.067661	0.0217162	-0.070111
0.005103125	0.067678	0.0228662	-0.070121
0.005113125	0.067696	0.0236053	-0.070132
0.005123125	0.067711	0.0240021	-0.070142
0.005133125	0.067727	0.0241293	-0.070153
0.005143125	0.067742	0.0240545	-0.070163
0.005153125	0.067757	0.023835	-0.070174
0.005163125	0.067771	0.0235165	-0.070184
0.0051675	0.067777	0.0233485	-0.070189
0.005173125	0.067785	0.0231329	-0.070195
0.005183125	0.067798	0.0227094	-0.070205
0.005193125	0.067811	0.022265	-0.070216
0.005213125	0.067836	0.021359	-0.070236
0.005233125	0.06786	0.020473	-0.070257
0.0052475	0.067877	0.0198667	-0.070272
0.005253125	0.067884	0.0196301	-0.070278
0.005273125	0.067907	0.0188359	-0.070298
0.005313125	0.067952	0.0173895	-0.070338
0.0053275	0.067968	0.0169233	-0.070353
0.005353125	0.067996	0.0160955	-0.070379
0.005393125	0.06804	0.0149103	-0.070419
0.0054075	0.068056	0.0145094	-0.070434
0.005433125	0.068084	0.0137955	-0.07046
0.0054875	0.068141	0.0123437	-0.070514
0.005513125	0.068168	0.0116611	-0.070539
0.0055675	0.068226	0.0101298	-0.070593
0.0056475	0.06831	0.00787163	-0.070672
0.005673125	0.068337	0.00714708	-0.070697
0.005713125	0.068379	0.00585286	-0.070735
0.0057275	0.068394	0.00535351	-0.070749
0.005753125	0.068421	0.00446234	-0.070773
0.005793125	0.068464	0.00298713	-0.070811
0.0058075	0.06848	0.00244791	-0.070825
0.005813125	0.068486	0.0022373	-0.07083
0.005833125	0.068508	0.00150643	-0.070849
0.005853125	0.06853	0.000835762	-0.070868
0.005873125	0.068554	0.000296803	-0.070887
0.0058875	0.068572	8.89906e-05	-0.070901
0.005893125	0.068578	1.11883e-05	-0.070906
0.005913125	0.068603	0.000178984	-0.070925
0.005923125	0.068615	0.000523529	-0.070934
0.005933125	0.068629	0.00110556	-0.070944
0.005943125	0.068642	0.00198145	-0.070953
0.005953125	0.068657	0.00321092	-0.070963
0.005963125	0.068671	0.00485069	-0.070972
0.0059675	0.068677	0.00576338	-0.070976
0.005973125	0.068685	0.00694633	-0.070981
0.005983125	0.068701	0.00951476	-0.07099
0.005993125	0.068717	0.0125291	-0.071
0.006003125	0.068733	0.015909	-0.071009
0.006023125	0.068766	0.0231609	-0.071027
0.0060475	0.068807	0.0298447	-0.07105
0.006063125	0.068833	0.0341814	-0.071064
0.006073125	0.068849	0.0354258	-0.071073
0.006083125	0.068865	0.0360375	-0.071083
0.006093125	0.06888	0.0361021	-0.071092
0.006103125	0.068894	0.0357258	-0.071101
0.006113125	0.068908	0.0350181	-0.07111
0.006123125	0.068921	0.0340791	-0.071119
0.0061275	0.068927	0.0336058	-0.071123
0.006133125	0.068934	0.0329947	-0.071128
0.006143125	0.068947	0.0318292	-0.071137
0.006153125	0.068959	0.0306299	-0.071146
0.006173125	0.068983	0.0282556	-0.071164
0.006193125	0.069005	0.0260283	-0.071182
0.0062075	0.069021	0.024576	-0.071195
0.006213125	0.069027	0.0240031	-0.0712
0.006233125	0.069049	0.0221855	-0.071218
0.006253125	0.069069	0.020556	-0.071235
0.006273125	0.06909	0.0190911	-0.071253
0.0062875	0.069104	0.0181417	-0.071266
0.006293125	0.06911	0.0177679	-0.071271
0.006333125	0.069149	0.0154623	-0.071306
0.0063675	0.069183	0.013775	-0.071337
0.006373125	0.069189	0.0134956	-0.071342
0.006413125	0.069228	0.0117723	-0.071377
0.0064475	0.069261	0.0104421	-0.071407
0.006453125	0.069266	0.0102224	-0.071412
0.0065275	0.069337	0.0076774	-0.071476
0.006533125	0.069342	0.00748116	-0.071481
0.0066075	0.069411	0.00543085	-0.071544
0.0066875	0.069486	0.00313355	-0.071612
0.006693125	0.069491	0.00296853	-0.071617
0.006733125	0.069528	0.00205457	-0.07165
0.0067675	0.069559	0.00137608	-0.071678
0.006773125	0.069565	0.00126339	-0.071683
0.006813125	0.069603	0.000630226	-0.071716
0.0068475	0.069634	0.000257861	-0.071744
0.006853125	0.06964	0.000194979	-0.071749
0.006893125	0.069677	5.07521e-06	-0.071781
0.0069275	0.069709	0.000249683	-0.071809
0.006973125	0.069752	0.00053598	-0.071846
0.0070075	0.069785	0.00121067	-0.071874
0.007013125	0.06979	0.0013188	-0.071878
0.0070875	0.06986	0.00372635	-0.071937
0.007093125	0.069865	0.00390406	-0.071941
0.0071675	0.069934	0.00737531	-0.072
0.0072475	0.070007	0.011044	-0.072062
0.007253125	0.070012	0.0112994	-0.072066
0.007293125	0.070049	0.0130725	-0.072097
0.0073275	0.07008	0.0144421	-0.072124
0.007333125	0.070085	0.0146664	-0.072128
0.007373125	0.070119	0.0160471	-0.072158
0.0074075	0.070149	0.0170404	-0.072184
0.007413125	0.070154	0.0172036	-0.072188
0.007453125	0.070188	0.0181415	-0.072218
0.0074875	0.070217	0.0186914	-0.072244
0.007533125	0.070255	0.0194367	-0.072278
0.0075675	0.070284	0.0197844	-0.072304
0.007573125	0.070288	0.0198422	-0.072308
0.0076475	0.070347	0.0202574	-0.072362
0.007653125	0.070351	0.0202907	-0.072366
0.0077275	0.07041	0.0203845	-0.07242
0.0078075	0.070471	0.0202834	-0.072477
0.0078875	0.070532	0.0200442	-0.072534
0.0079675	0.070591	0.019694	-0.07259
0.0080475	0.070649	0.0193724	-0.072645
0.008053125	0.070653	0.0193512	-0.072649
0.0081275	0.070706	0.0189905	-0.072699
0.0082075	0.070763	0.0186427	-0.072753
0.0082875	0.07082	0.0183366	-0.072806
0.0083675	0.070876	0.018072	-0.072859
0.008413125	0.070908	0.0179328	-0.072889
0.0084475	0.070933	0.0178208	-0.072911
0.008473125	0.070951	0.0177222	-0.072927
0.008493125	0.070966	0.0176115	-0.07294
0.008513125	0.070981	0.017442	-0.072953
0.0085275	0.070993	0.0172349	-0.072962
0.008533125	0.070998	0.0171553	-0.072966
0.008543125	0.071006	0.0169346	-0.072972
0.008553125	0.071014	0.0166329	-0.072978
0.008563125	0.071024	0.0162161	-0.072985
0.008573125	0.071033	0.0156363	-0.072991
0.008583125	0.071043	0.0148292	-0.072997
0.008593125	0.071055	0.0137151	-0.073004
0.008603125	0.071067	0.0122111	-0.07301
0.0086075	0.071073	0.0114068	-0.073013
0.008608125	0.071073	0.0112919	-0.073013
0.008613125	0.071081	0.0102654	-0.073017
0.008618125	0.071088	0.00912755	-0.07302
0.008628125	0.071102	0.00661788	-0.073026
0.008633125	0.07111	0.00531787	-0.073029
0.008638125	0.071118	0.00405354	-0.073032
0.008643125	0.071127	0.00288226	-0.073035
0.008648125	0.071135	0.00186061	-0.073038
0.008653125	0.071144	0.00103716	-0.073042
0.008663125	0.071161	0.000102207	-0.073048
0.008673125	0.071176	0.00011854	-0.073054
0.008678125	0.071184	0.000421552	-0.073057
0.008683125	0.071191	0.000863688	-0.07306
0.0086875	0.071198	0.00133551	-0.073063
0.008688125	0.071198	0.00140283	-0.073063
0.008693125	0.071204	0.00199781	-0.073066
0.008698125	0.071211	0.00262221	-0.07307
0.008708125	0.071222	0.00385042	-0.073076
0.008718125	0.071232	0.00496865	-0.073082
0.008728125	0.071242	0.00593526	-0.073088
0.008738125	0.071251	0.00674955	-0.073094
0.008748125	0.071259	0.00742787	-0.0731
0.008758125	0.071267	0.0079911	-0.073106
0.0087675	0.071275	0.00843002	-0.073112
0.008768125	0.071275	0.00845933	-0.073112
0.008788125	0.07129	0.00917727	-0.073125
0.008808125	0.071305	0.00968577	-0.073137
0.008828125	0.071318	0.0100523	-0.073149
0.0088475	0.071332	0.0103115	-0.073161
0.008888125	0.071358	0.0106624	-0.073185
0.0089275	0.071384	0.0108439	-0.073209
0.008968125	0.071409	0.0109357	-0.073233
0.0090075	0.071434	0.0109651	-0.073257
0.009053125	0.071462	0.0109527	-0.073284
0.0090875	0.071483	0.0109084	-0.073304
0.009133125	0.07151	0.0108553	-0.07333
0.0091675	0.07153	0.0107773	-0.07335
0.0092475	0.071577	0.0106071	-0.073396
0.009293125	0.071604	0.0105172	-0.073422
0.0093275	0.071624	0.0104231	-0.073442
0.0094075	0.071669	0.010213	-0.073486
0.009453125	0.071696	0.0100989	-0.073512
0.0094875	0.071715	0.00999871	-0.073531
0.0095675	0.071759	0.00977326	-0.073574
0.009613125	0.071785	0.00964957	-0.073599
0.0096475	0.071803	0.00954672	-0.073617
0.0097275	0.071847	0.00931436	-0.07366
0.009773125	0.071872	0.0091863	-0.073684
0.0098075	0.07189	0.00907728	-0.073702
0.0098875	0.071932	0.00882987	-0.073743
0.0099675	0.071974	0.00859163	-0.073784
0.0100475	0.072016	0.00836273	-0.073825
0.010093125	0.072038	0.0082364	-0.073847
0.0101275	0.072055	0.00811279	-0.073864
0.0102075	0.072096	0.00783067	-0.073904
0.0102875	0.072135	0.00755667	-0.073942
0.0103675	0.072174	0.00729109	-0.073981
0.0104475	0.072213	0.00703425	-0.074019
0.0105275	0.07225	0.00678646	-0.074056
0.0106075	0.072288	0.00654802	-0.074093
0.0106875	0.072325	0.00631922	-0.074129
0.010733125	0.072346	0.00619323	-0.07415
0.0107675	0.072361	0.00605968	-0.074165
0.0108475	0.072397	0.00575485	-0.0742
0.0109275	0.072433	0.00545866	-0.074235
0.0110075	0.072469	0.00517174	-0.07427
0.011053125	0.072488	0.00501265	-0.074289
0.0110875	0.072503	0.00485709	-0.074304
0.0111675	0.072537	0.00449962	-0.074337
0.0112475	0.072571	0.00414901	-0.07437
0.0113275	0.072605	0.00380644	-0.074403
0.011373125	0.072623	0.00361546	-0.074421
0.0114075	0.072637	0.00343902	-0.074435
0.0114875	0.07267	0.00303071	-0.074467
0.011533125	0.072689	0.00279992	-0.074485
0.0115675	0.072703	0.00260709	-0.074498
0.0116475	0.072735	0.00215409	-0.074529
0.011693125	0.072753	0.00189411	-0.074546
0.0117275	0.072767	0.00169671	-0.074559
0.0118075	0.072798	0.00121693	-0.074589
0.011853125	0.072816	0.000932384	-0.074606
0.0118875	0.07283	0.000744655	-0.074619
0.011933125	0.072849	0.000480272	-0.074636
0.0119675	0.072862	0.000339577	-0.074648
0.012013125	0.07288	0.000125634	-0.074665
0.0120475	0.072894	9.65107e-05	-0.074677
0.012093125	0.072912	9.89714e-06	-0.074693
0.0121275	0.072926	0.000109476	-0.074705
0.012133125	0.072928	0.000122271	-0.074707
0.012173125	0.072945	0.000429175	-0.074721
0.0122075	0.07296	0.000929455	-0.074733
0.012213125	0.072962	0.00100486	-0.074735
0.012253125	0.072979	0.00197854	-0.074749
0.0122875	0.072994	0.00328344	-0.074761
0.012293125	0.072997	0.00348553	-0.074763
0.012333125	0.073014	0.0057194	-0.074776
0.0123675	0.073031	0.00839962	-0.074788
0.012373125	0.073034	0.00882003	-0.07479
0.012413125	0.073053	0.0128754	-0.074803
0.0124475	0.073071	0.0170283	-0.074815
0.012453125	0.073074	0.0176861	-0.074817
0.012493125	0.073094	0.022779	-0.07483
0.0125275	0.073112	0.0267406	-0.074841
0.012533125	0.073115	0.0273763	-0.074843
0.0126075	0.073153	0.0321659	-0.074867
0.012613125	0.073156	0.0325229	-0.074869
0.012653125	0.073176	0.0327913	-0.074882
0.0126875	0.073192	0.0320294	-0.074893
0.012693125	0.073195	0.031921	-0.074895
0.012733125	0.073212	0.0304065	-0.074907
0.0127675	0.073226	0.0288287	-0.074918
0.012773125	0.073229	0.0285872	-0.07492
0.012813125	0.073244	0.0267217	-0.074932
0.0128475	0.073258	0.0251641	-0.074943
0.012853125	0.07326	0.0249225	-0.074945
0.012893125	0.073275	0.0232666	-0.074957
0.0129275	0.073287	0.0219639	-0.074967
0.012933125	0.073289	0.0217606	-0.074969
0.0130075	0.073316	0.0193759	-0.074992
0.013013125	0.073318	0.0192093	-0.074994
0.0130875	0.073341	0.0173075	-0.075015
0.013093125	0.073343	0.017174	-0.075017
0.0131675	0.073368	0.0156444	-0.075039
0.013173125	0.07337	0.0155364	-0.075041
0.0132475	0.073393	0.0142866	-0.075062
0.013253125	0.073395	0.014198	-0.075064
0.0133275	0.073417	0.0131859	-0.075085
0.0134075	0.07344	0.0122072	-0.075107
0.013413125	0.073442	0.0121428	-0.075109
0.0134875	0.073463	0.0113995	-0.075129
0.0135675	0.073487	0.0106728	-0.075151
0.013573125	0.073488	0.0106247	-0.075152
0.0136475	0.073509	0.0100456	-0.075172
0.0137275	0.073531	0.00947378	-0.075193
0.013733125	0.073532	0.00943585	-0.075194
0.0138875	0.073573	0.00848948	-0.075234
0.013893125	0.073574	0.00845784	-0.075235
0.0139675	0.073594	0.00805238	-0.075254
0.0140475	0.073614	0.00764274	-0.075274
0.0141275	0.073635	0.0072596	-0.075294
0.0142075	0.073655	0.00690212	-0.075313
0.014213125	0.073656	0.00687802	-0.075314
0.0142875	0.073675	0.0065385	-0.075332
0.0144475	0.073712	0.00585499	-0.075368
0.0145275	0.07373	0.00553638	-0.075386
0.0146075	0.073749	0.00523271	-0.075404
0.0146875	0.073767	0.00494358	-0.075421
0.0147675	0.073784	0.00466865	-0.075438
0.0148475	0.073802	0.00440752	-0.075455
0.014853125	0.073803	0.0043898	-0.075456
0.0150075	0.073837	0.00380017	-0.075488
0.0150875	0.073854	0.00350923	-0.075504
0.0151675	0.07387	0.00322803	-0.07552
0.0152475	0.073886	0.00295645	-0.075535
0.0153275	0.073902	0.00269434	-0.07555
0.0154075	0.073918	0.00244154	-0.075565
0.015493125	0.073935	0.00218186	-0.075581
0.0155675	0.073949	0.00193165	-0.075594
0.0156475	0.073963	0.00167237	-0.075608
0.0157275	0.073978	0.00142243	-0.075622
0.0158075	0.073993	0.00118176	-0.075636
0.015813125	0.073994	0.00116523	-0.075637
0.0158875	0.074007	0.000958941	-0.075649
0.0159675	0.074021	0.00074756	-0.075662
0.0161275	0.07405	0.000357179	-0.075688
0.016133125	0.074051	0.000344319	-0.075689
0.0162875	0.074078	9.59278e-05	-0.075713
0.016293125	0.074079	8.78495e-05	-0.075714
0.0164475	0.074104	2.93507e-06	-0.075736
0.016453125	0.074105	9.28975e-07	-0.075737
0.0166075	0.074131	0.000148964	-0.075759
0.016613125	0.074132	0.000155582	-0.07576
0.0167675	0.074157	0.000613259	-0.075781
0.016773125	0.074158	0.000631279	-0.075782
0.0169275	0.074182	0.00147131	-0.075802
0.016933125	0.074183	0.00150336	-0.075803
0.0170875	0.074208	0.00277033	-0.075823
0.017093125	0.074209	0.00281796	-0.075824
0.0172475	0.074232	0.00462476	-0.075842
0.0174075	0.074256	0.00656786	-0.075861
0.017413125	0.074257	0.00663749	-0.075862
0.0175675	0.074279	0.0085364	-0.075879
0.0177275	0.0743	0.0105266	-0.075896
0.0178875	0.074322	0.0125377	-0.075913
0.0180475	0.074343	0.0145683	-0.075929
0.018053125	0.074344	0.01464	-0.07593
0.0182075	0.074362	0.015827	-0.075944
0.018213125	0.074363	0.0158699	-0.075945
0.0183675	0.074381	0.0167079	-0.075959
0.018373125	0.074381	0.016738	-0.075959
0.0185275	0.074397	0.0172803	-0.075972
0.018533125	0.074397	0.0172996	-0.075972
0.0186875	0.074414	0.0176098	-0.075986
0.0188475	0.074428	0.0177581	-0.075998
0.0191675	0.074456	0.0177073	-0.076022
0.0193275	0.074469	0.0175827	-0.076033
0.0194875	0.07448	0.0174218	-0.076043
0.0196475	0.074492	0.017243	-0.076053
0.0198075	0.074503	0.0170624	-0.076063
0.0199675	0.074514	0.0168694	-0.076072
0.0201275	0.074522	0.0166968	-0.07608
0.0202875	0.074531	0.0165159	-0.076088
0.0204475	0.074539	0.0163647	-0.076095
0.0206075	0.074548	0.0162085	-0.076103
0.0207675	0.074554	0.0161046	-0.076109
0.0209275	0.074561	0.0159997	-0.076115
0.0210875	0.074567	0.0158917	-0.076121
0.0212475	0.074574	0.015781	-0.076127
0.0214075	0.074579	0.0157484	-0.076132
0.0215675	0.074584	0.0157197	-0.076136
0.0217275	0.074589	0.0156923	-0.076141
0.0218875	0.074594	0.0156662	-0.076145
0.0222075	0.074602	0.0158407	-0.076152
0.0223675	0.074606	0.01594	-0.076156
0.0225275	0.074609	0.0160461	-0.076158
0.0226875	0.074612	0.016413	-0.076161
0.0228475	0.074615	0.0168096	-0.076163
0.0230075	0.074617	0.017227	-0.076165
0.023173125	0.07462	0.017681	-0.076167
0.0233275	0.074622	0.0188015	-0.076169
0.023493125	0.074625	0.0200639	-0.076171
0.0236475	0.074627	0.0224747	-0.076172
0.023653125	0.074627	0.0225648	-0.076172
0.023813125	0.07463	0.0276622	-0.076173
0.023893125	0.074632	0.0326832	-0.076174
0.023933125	0.074633	0.0366115	-0.076174
0.0239675	0.074634	0.0414289	-0.076174
0.023973125	0.074634	0.0422232	-0.076174
0.024013125	0.074637	0.0508301	-0.076174
0.024033125	0.074638	0.0569096	-0.076174
0.024053125	0.07464	0.0648035	-0.076174
0.024073125	0.074642	0.0755123	-0.076174
0.024093125	0.074645	0.0895729	-0.076174
0.024103125	0.074647	0.0983425	-0.076174
0.024113125	0.074649	0.108377	-0.076174
0.024123125	0.074652	0.119582	-0.076174
0.024133125	0.074656	0.13159	-0.076175
0.024143125	0.07466	0.143651	-0.076175
0.024153125	0.074665	0.15435	-0.076175
0.024163125	0.07467	0.161714	-0.076175
0.024173125	0.074676	0.163581	-0.076175
0.024183125	0.074682	0.158337	-0.076175
0.024203125	0.074694	0.127309	-0.076175
0.024213125	0.0747	0.105714	-0.076175
0.024223125	0.074706	0.0840132	-0.076175
0.024233125	0.07471	0.0644002	-0.076175
0.024243125	0.074714	0.0480982	-0.076175
0.024253125	0.074717	0.0351954	-0.076175
0.024263125	0.07472	0.0254545	-0.076175
0.024273125	0.074722	0.018189	-0.076175
0.024283125	0.074724	0.0128639	-0.076175
0.0242875	0.074725	0.0111731	-0.076175
0.024293125	0.074726	0.00899419	-0.076175
0.024313125	0.074728	0.00416731	-0.076175
0.024333125	0.07473	0.00172577	-0.076175
0.024353125	0.074732	0.000563754	-0.076175
0.024373125	0.074733	9.20188e-05	-0.076175
0.024413125	0.074735	0.000133404	-0.076175
0.024453125	0.074736	0.000683392	-0.076175
0.024493125	0.074737	0.00134855	-0.076175
0.024533125	0.074738	0.00201823	-0.076175
0.0246075	0.074739	0.00309696	-0.076175
0.024613125	0.074739	0.00317872	-0.076175
0.024773125	0.07474	0.00484423	-0.076175
0.0249275	0.07474	0.00588125	-0.076175
0.024933125	0.07474	0.00591955	-0.076175
0.025093125	0.074741	0.00665314	-0.076175
0.0252475	0.074741	0.00716083	-0.076175
0.025253125	0.074741	0.00717962	-0.076175
0.0255675	0.074741	0.00786162	-0.076174
0.025573125	0.074741	0.00787426	-0.076174
0.0258875	0.074739	0.0082109	-0.076172
0.0262075	0.074739	0.00858339	-0.076171
0.0268475	0.074734	0.00883128	-0.076166
0.0274875	0.07473	0.00913005	-0.076161
0.0281275	0.074724	0.00916982	-0.076155
0.0287675	0.074718	0.00922863	-0.076149
0.0300475	0.074708	0.00941308	-0.076138
0.0306875	0.074703	0.00937976	-0.076133
0.0313275	0.0747	0.00935252	-0.076129
0.0319675	0.074696	0.00933313	-0.076125
0.0326075	0.074693	0.009322	-0.076122
0.0342075	0.074692	0.0093322	-0.07612
0.0348475	0.074694	0.00935207	-0.076121
0.035173125	0.074695	0.00936497	-0.076122
0.0354875	0.074696	0.00933502	-0.076123
0.0358075	0.074697	0.00930481	-0.076124
0.0361275	0.074699	0.00927568	-0.076126
0.0364475	0.074701	0.00924764	-0.076128
0.0367675	0.074705	0.00922074	-0.076131
0.0370875	0.074708	0.00919499	-0.076134
0.0377275	0.074714	0.00914707	-0.07614
0.0380475	0.074718	0.00909304	-0.076144
0.0383675	0.074722	0.00903912	-0.076148
0.0386875	0.074727	0.0089859	-0.076152
0.0390075	0.074732	0.00893341	-0.076157
0.0393275	0.074737	0.00888168	-0.076162
0.0399675	0.074749	0.00878057	-0.076173
0.0402875	0.074755	0.00873124	-0.076179
0.0406075	0.074761	0.00864077	-0.076185
0.0409275	0.074768	0.0085498	-0.076191
0.0412475	0.074775	0.00845913	-0.076198
0.0415675	0.074782	0.00836876	-0.076205
0.0422075	0.074798	0.0081891	-0.07622
0.0425275	0.074807	0.00809985	-0.076228
0.0428475	0.074815	0.00801102	-0.076236
0.0431675	0.074824	0.0078821	-0.076245
0.0434875	0.074833	0.00775237	-0.076253
0.0438075	0.074842	0.00762257	-0.076262
0.044133125	0.074853	0.00748993	-0.076272
0.0444475	0.074863	0.00733173	-0.076281
0.0450875	0.074883	0.00700724	-0.0763
0.045413125	0.074895	0.00684104	-0.076311
0.0457275	0.074905	0.00664738	-0.076321
0.0463675	0.074927	0.00624946	-0.076342
0.046693125	0.07494	0.0060453	-0.076354
0.0470075	0.074952	0.00581598	-0.076365
0.0476475	0.074976	0.00534403	-0.076388
0.047973125	0.074989	0.00510147	-0.0764
0.0482875	0.075002	0.00484264	-0.076412
0.0489275	0.075029	0.00430904	-0.076437
0.049253125	0.075043	0.00403437	-0.07645
0.0495675	0.075056	0.00376127	-0.076462
0.0502075	0.075083	0.00319722	-0.076488
0.050533125	0.075098	0.00290635	-0.076502
0.0508475	0.075112	0.00267166	-0.076515
0.0514875	0.075141	0.00218405	-0.076542
0.0521275	0.075173	0.00168472	-0.076571
0.0527675	0.075203	0.00117455	-0.076599
0.053093125	0.075219	0.000910972	-0.076614
0.0534075	0.075235	0.000894643	-0.076629
0.0540475	0.075266	0.000854326	-0.076658
0.0546875	0.075299	0.000805377	-0.076689
0.0553275	0.075331	0.000748421	-0.076719
0.0559675	0.075364	0.000684067	-0.07675
0.0566075	0.075398	0.000612901	-0.076782
0.0572475	0.075432	0.000535494	-0.076814
0.0578875	0.075466	0.000452396	-0.076846
0.058213125	0.075484	0.000408168	-0.076863
0.0585275	0.075501	0.00053329	-0.076879
0.0591675	0.075535	0.000786888	-0.076912
0.059493125	0.075553	0.000915398	-0.076929
0.0598075	0.075571	0.00106208	-0.076946
0.060773125	0.075624	0.00151288	-0.076997
0.0610875	0.07564	0.00166595	-0.077013
0.0617275	0.075675	0.00197868	-0.077047
0.062053125	0.075694	0.00213818	-0.077065
0.0623675	0.075711	0.00228825	-0.077082
0.0630075	0.075746	0.00259493	-0.077116
0.063333125	0.075765	0.00275155	-0.077134
0.0636475	0.075782	0.00289312	-0.077151
0.0642875	0.075818	0.00318268	-0.077186
0.064613125	0.075837	0.00333081	-0.077204
0.0655675	0.075891	0.0037093	-0.077257
0.0668475	0.075964	0.00422306	-0.077328
0.067173125	0.075982	0.00435491	-0.077346
0.0681275	0.076037	0.00468341	-0.0774
0.068453125	0.076056	0.00479643	-0.077418
0.0694075	0.076111	0.0050798	-0.077472
0.071013125	0.076204	0.00556385	-0.077564
0.0719675	0.076259	0.00579818	-0.077618
0.073573125	0.076352	0.00619847	-0.07771
0.0745275	0.076406	0.00639643	-0.077764
0.076133125	0.076499	0.00673383	-0.077856
0.0770875	0.076553	0.00690461	-0.07791
0.078693125	0.076646	0.00719485	-0.078002
0.0796475	0.076701	0.00733624	-0.078057
0.0822075	0.076848	0.0077198	-0.078203
0.083813125	0.07694	0.00796294	-0.078294
0.0847675	0.076994	0.00807251	-0.078348
0.0873275	0.07714	0.0083671	-0.078493
0.0886075	0.077213	0.00851504	-0.078565
0.0898875	0.077284	0.00866322	-0.078636
0.0911675	0.077356	0.00881153	-0.078707
0.0924475	0.077427	0.00895985	-0.078778
0.0937275	0.077499	0.00910808	-0.078849
0.094053125	0.077517	0.00914566	-0.078867
0.0950075	0.077569	0.00922232	-0.078919
0.0962875	0.07764	0.00932404	-0.078989
0.0975675	0.07771	0.00942461	-0.079059
0.0988475	0.07778	0.00952399	-0.079128
0.1001275	0.077848	0.0096221	-0.079196
0.1014075	0.077918	0.0097189	-0.079265
0.1026875	0.077986	0.00981438	-0.079333
0.1039675	0.078053	0.00990848	-0.0794
0.1052475	0.078121	0.0100012	-0.079467
0.1065275	0.078188	0.0100925	-0.079534
0.1078075	0.078256	0.0101822	-0.079601
0.1090875	0.078322	0.0102705	-0.079667
0.1103675	0.078388	0.0103573	-0.079732
0.1116475	0.078453	0.0104426	-0.079797
0.1129275	0.078518	0.0105263	-0.079862
0.1142075	0.078583	0.0106085	-0.079926
0.114533125	0.078599	0.010629	-0.079942
0.1154875	0.078647	0.0106437	-0.07999
0.1167675	0.078711	0.010661	-0.080053
0.1180475	0.078774	0.0106759	-0.080116
0.1193275	0.078838	0.0106885	-0.080179
0.1218875	0.078963	0.0107063	-0.080303
0.1244475	0.079086	0.0107147	-0.080425
0.1257275	0.079147	0.0106629	-0.080486
0.1270075	0.079208	0.0105906	-0.080546
0.1282875	0.079268	0.0105158	-0.080605
0.1295675	0.079328	0.0104384	-0.080665
0.1308475	0.079388	0.0103586	-0.080724
0.1321275	0.079447	0.0102764	-0.080782
0.1334075	0.079505	0.0101918	-0.08084
0.1346875	0.079564	0.010105	-0.080898
0.135013125	0.079579	0.0100825	-0.080913
0.1359675	0.079623	0.00995788	-0.080956
0.1372475	0.07968	0.00978891	-0.081013
0.1385275	0.079737	0.00961796	-0.081069
0.1398075	0.079794	0.00944519	-0.081125
0.1410875	0.079851	0.00927058	-0.081181
0.1423675	0.079907	0.00909423	-0.081237
0.1436475	0.079963	0.00891621	-0.081292
0.1449275	0.080019	0.00873657	-0.081347
0.145253125	0.080033	0.00869059	-0.081361
0.1462075	0.080073	0.00851818	-0.081401
0.1474875	0.080128	0.00828615	-0.081455
0.1487675	0.080182	0.00805331	-0.081508
0.1500475	0.080236	0.00781974	-0.081562
0.1513275	0.08029	0.00758547	-0.081615
0.1526075	0.080343	0.00735058	-0.081667
0.1538875	0.080396	0.00711512	-0.08172
0.1551675	0.080449	0.00687914	-0.081772
0.155493125	0.080462	0.00681902	-0.081785
0.1564475	0.0805	0.00664096	-0.081823
0.1577275	0.080552	0.00640234	-0.081874
0.1590075	0.080604	0.00616403	-0.081925
0.1615675	0.080706	0.00568842	-0.082026
0.1628475	0.080757	0.00545122	-0.082076
0.1641275	0.080807	0.00521449	-0.082126
0.1654075	0.080857	0.00497823	-0.082175
0.165733125	0.080869	0.00491822	-0.082187
0.1666875	0.080906	0.00476673	-0.082224
0.1679675	0.080956	0.00456439	-0.082273
0.1705275	0.081053	0.00416258	-0.082369
0.1718075	0.081101	0.00396318	-0.082417
0.1730875	0.08115	0.00376479	-0.082465
0.1743675	0.081197	0.00356745	-0.082512
0.1756475	0.081245	0.00337117	-0.082559
0.175973125	0.081257	0.00332143	-0.082571
0.1769275	0.081291	0.00320767	-0.082605
0.1794875	0.081385	0.0029058	-0.082698
0.1807675	0.08143	0.00275664	-0.082743
0.1820475	0.081477	0.00260868	-0.082789
0.1833275	0.081522	0.00246192	-0.082834
0.1846075	0.081568	0.00231637	-0.082879
0.1858875	0.081613	0.00217203	-0.082924
0.186213125	0.081624	0.00213554	-0.082935
0.1884475	0.081702	0.00195118	-0.083012
0.1897275	0.081746	0.00184713	-0.083056
0.1910075	0.08179	0.00174421	-0.0831
0.1922875	0.081834	0.00164243	-0.083143
0.1935675	0.081877	0.00154176	-0.083186
0.1948475	0.081921	0.00144223	-0.083229
0.196453125	0.081974	0.00131905	-0.083282
0.1974075	0.082006	0.00126633	-0.083314
0.1999675	0.082091	0.0011278	-0.083398
0.2025275	0.082174	0.000993116	-0.083481
0.2050875	0.082257	0.000862241	-0.083563
0.206693125	0.082308	0.000782171	-0.083614
0.2076475	0.082339	0.000748155	-0.083645
0.2102075	0.08242	0.000659277	-0.083725
0.2127675	0.0825	0.000573503	-0.083805
0.2153275	0.082579	0.000490793	-0.083883
0.216933125	0.082628	0.000440532	-0.083932
0.2178875	0.082657	0.000419185	-0.083961
0.2204475	0.082734	0.000363806	-0.084038
0.2230075	0.082811	0.000310866	-0.084114
0.2255675	0.082886	0.000260326	-0.084189
0.227173125	0.082932	0.000229895	-0.084235
0.2281275	0.08296	0.000218481	-0.084263
0.2306875	0.083034	0.000189238	-0.084337
0.2332475	0.083108	0.000161736	-0.08441
0.2358075	0.08318	0.00013594	-0.084482
0.2383675	0.083252	0.000111817	-0.084554
0.2409275	0.083322	8.93364e-05	-0.084624
0.2434875	0.083393	6.84651e-05	-0.084694
0.2460475	0.083463	4.91715e-05	-0.084764
0.247653125	0.083506	3.79053e-05	-0.084807
0.2486075	0.083531	3.46728e-05	-0.084832
0.2511675	0.083599	2.68438e-05	-0.0849
0.2537275	0.083666	2.00523e-05	-0.084967
0.2562875	0.083733	1.42756e-05	-0.085034
0.2588475	0.0838	9.49139e-06	-0.0851
0.2614075	0.083865	5.67761e-06	-0.085165
0.2639675	0.08393	2.81274e-06	-0.08523
0.2665275	0.083994	8.75646e-07	-0.085294
0.268133125	0.084034	1.55671e-07	-0.085334
0.2690875	0.084058	5.31531e-07	-0.085358
0.2716475	0.084121	2.05347e-06	-0.085421
0.2742075	0.084183	4.19143e-06	-0.085483
0.2767675	0.084245	6.93062e-06	-0.085545
0.2793275	0.084306	1.02566e-05	-0.085606
0.2818875	0.084367	1.41553e-05	-0.085667
0.2844475	0.084427	1.86129e-05	-0.085727
0.2870075	0.084487	2.36159e-05	-0.085787
0.288613125	0.084524	2.7048e-05	-0.085824
0.2895675	0.084546	2.89686e-05	-0.085846
0.2921275	0.084604	3.44328e-05	-0.085904
0.2946875	0.084662	4.02595e-05	-0.085962
0.2972475	0.08472	4.64395e-05	-0.08602
0.2998075	0.084778	5.29638e-05	-0.086077
0.3023675	0.084834	5.98235e-05	-0.086133
0.3049275	0.084891	6.70102e-05	-0.08619
0.3074875	0.084946	7.45155e-05	-0.086245
0.309093125	0.08498	7.9397e-05	-0.086279
0.3100475	0.085001	8.17373e-05	-0.0863
0.3126075	0.085056	8.8181e-05	-0.086355
0.3151675	0.08511	9.48026e-05	-0.086409
0.3177275	0.085164	0.000101597	-0.086463
0.3202875	0.085218	0.00010856	-0.086517
0.3228475	0.08527	0.000115685	-0.086569
0.3254075	0.085323	0.000122968	-0.086622
0.3279675	0.085375	0.000130406	-0.086674
0.3305275	0.085427	0.000137993	-0.086726
0.3330875	0.085478	0.000145724	-0.086777
0.3356475	0.085529	0.000153597	-0.086828
0.3382075	0.08558	0.000161608	-0.086879
0.3407675	0.08563	0.000169751	-0.086929
0.3433275	0.085679	0.000178025	-0.086978
0.3458875	0.085729	0.000186425	-0.087028
0.3484475	0.085778	0.000194947	-0.087077
0.350053125	0.085808	0.000200361	-0.087107
0.3510075	0.085826	0.000202661	-0.087125
0.3535675	0.085875	0.000208861	-0.087174
0.3561275	0.085922	0.00021508	-0.087221
0.3586875	0.08597	0.000221317	-0.087269
0.3612475	0.086017	0.000227569	-0.087316
0.3638075	0.086064	0.000233836	-0.087363
0.3663675	0.086111	0.000240116	-0.08741
0.3689275	0.086157	0.000246407	-0.087456
0.3714875	0.086202	0.000252709	-0.087501
0.3740475	0.086248	0.000259021	-0.087547
0.3791675	0.086338	0.000271669	-0.087637
0.3817275	0.086383	0.000278004	-0.087682
0.3842875	0.086427	0.000284344	-0.087726
0.3868475	0.086471	0.00029069	-0.08777
0.3894075	0.086514	0.000297041	-0.087813
0.3919675	0.086557	0.000303395	-0.087857
0.3970875	0.086643	0.000316112	-0.087943
0.3996475	0.086685	0.000322474	-0.087985
0.4022075	0.086727	0.000328838	-0.088027
0.4047675	0.086769	0.000335204	-0.088069
0.4073275	0.086811	0.000341569	-0.088111
0.4098875	0.086852	0.000347937	-0.088152
0.4150075	0.086934	0.000360671	-0.088234
0.4175675	0.086974	0.000367038	-0.088274
0.4201275	0.087015	0.000373404	-0.088315
0.4226875	0.087055	0.00037977	-0.088355
0.4252475	0.087094	0.000386135	-0.088394
0.4278075	0.087134	0.0003925	-0.088434
0.431973125	0.087197	0.000402856	-0.088497
0.4329275	0.087212	0.000404706	-0.088512
0.4380475	0.087289	0.000414523	-0.088589
0.4431675	0.087366	0.000424126	-0.088666
0.4482875	0.087441	0.00043352	-0.088741
0.4534075	0.087516	0.000442707	-0.088816
0.4585275	0.087589	0.000451687	-0.088889
0.4636475	0.087662	0.000460465	-0.088962
0.4687675	0.087734	0.000469043	-0.089034
0.4738875	0.087805	0.000477423	-0.089105
0.4790075	0.087875	0.000485611	-0.089175
0.4841275	0.087944	0.000493609	-0.089244
0.4892475	0.088013	0.00050142	-0.089313
0.4943675	0.088081	0.000509051	-0.089381
0.4994875	0.088148	0.000516503	-0.089448
0.5046075	0.088214	0.000523783	-0.089514
0.5097275	0.08828	0.000530893	-0.08958
0.5148475	0.088344	0.000537838	-0.089645
0.5199675	0.088408	0.000544623	-0.089709
0.5250875	0.088471	0.000551253	-0.089772
0.5302075	0.088534	0.000557732	-0.089835
0.5353275	0.088596	0.000564064	-0.089897
0.5404475	0.088658	0.000570255	-0.089959
0.5455675	0.088719	0.000576309	-0.09002
0.5506875	0.088779	0.000582229	-0.09008
0.5558075	0.088839	0.000588022	-0.09014
0.5609275	0.088898	0.000593692	-0.090199
0.5660475	0.088956	0.000599243	-0.090257
0.5711675	0.089014	0.00060468	-0.090315
0.5762875	0.089071	0.000610007	-0.090372
0.5814075	0.089128	0.000615229	-0.090429
0.5865275	0.089184	0.00062035	-0.090485
0.5916475	0.08924	0.000625375	-0.090541
0.595813125	0.089285	0.000629391	-0.090586
0.5967675	0.089295	0.00063065	-0.090596
0.6018875	0.08935	0.000637268	-0.090651
0.6070075	0.089404	0.000643696	-0.090705
0.6121275	0.089458	0.000649938	-0.090759
0.6172475	0.089511	0.000655995	-0.090812
0.6223675	0.089563	0.000661871	-0.090864
0.6274875	0.089616	0.000667567	-0.090917
0.6326075	0.089667	0.000673088	-0.090968
0.6377275	0.089718	0.000678434	-0.09102
0.6428475	0.089768	0.000683611	-0.09107
0.6479675	0.089819	0.000688619	-0.091121
0.6530875	0.089869	0.000693463	-0.091171
0.6582075	0.089918	0.000698145	-0.09122
0.6633275	0.089967	0.000702668	-0.091269
0.6684475	0.090016	0.000707035	-0.091318
0.6735675	0.090064	0.000711249	-0.091366
0.6786875	0.090112	0.000715313	-0.091414
0.6838075	0.090159	0.000719229	-0.091461
0.6889275	0.090206	0.000723002	-0.091508
0.6940475	0.090253	0.000726632	-0.091555
0.6991675	0.090299	0.000730125	-0.091601
0.7042875	0.090345	0.000733481	-0.091647
0.7094075	0.09039	0.000736706	-0.091692
0.7145275	0.090435	0.000739801	-0.091737
0.7196475	0.090479	0.000742768	-0.091782
0.7247675	0.090523	0.000745612	-0.091826
0.7298875	0.090567	0.000748335	-0.09187
0.7350075	0.090611	0.000750939	-0.091914
0.7401275	0.090654	0.000753427	-0.091957
0.7452475	0.090697	0.000755803	-0.092
0.7503675	0.09074	0.000758069	-0.092043
0.7554875	0.090782	0.000760229	-0.092085
0.7657275	0.090866	0.000764234	-0.092169
0.7708475	0.090907	0.000766087	-0.09221
0.7759675	0.090949	0.00076784	-0.092252
0.7810875	0.090989	0.000769502	-0.092292
0.7862075	0.09103	0.000771073	-0.092333
0.7913275	0.09107	0.000772552	-0.092373
0.8015675	0.091148	0.000775254	-0.092452
0.8066875	0.091188	0.000776482	-0.092492
0.8118075	0.091227	0.000777629	-0.092531
0.8169275	0.091265	0.000778699	-0.092569
0.8220475	0.091304	0.000779695	-0.092608
0.8271675	0.091342	0.000780617	-0.092646
0.8374075	0.091418	0.000782256	-0.092722
0.8476475	0.091492	0.000783627	-0.092796
0.8578875	0.091566	0.000784753	-0.09287
0.8732475	0.091674	0.000786014	-0.092978
0.8937275	0.091814	0.000786978	-0.093119
0.9142075	0.091952	0.000787231	-0.093257
0.9346875	0.092086	0.000792682	-0.093391
0.9449275	0.092152	0.000797402	-0.093457
0.9551675	0.092216	0.0008018	-0.093521
0.9654075	0.092281	0.000805884	-0.093586
0.9756475	0.092344	0.000809664	-0.093649
0.9858875	0.092407	0.000813149	-0.093712
0.9961275	0.092468	0.000816349	-0.093773
1.0063675	0.092529	0.000819272	-0.093835
1.0166075	0.092589	0.000821929	-0.093895
1.0268475	0.092649	0.000824326	-0.093955
1.0370875	0.092708	0.000826475	-0.094014
1.0473275	0.092766	0.000828382	-0.094072
1.0575675	0.092824	0.000830057	-0.09413
1.0678075	0.092881	0.000831504	-0.094187
1.0780475	0.092937	0.000832742	-0.094243
1.0882875	0.092993	0.000833766	-0.094299
1.1087675	0.093103	0.000835228	-0.094409
1.1292475	0.09321	0.000835947	-0.094516
1.1497275	0.093315	0.000835982	-0.094621
1.1702075	0.093417	0.000835394	-0.094724
1.1906875	0.093518	0.000834229	-0.094825
1.2111675	0.093617	0.000832545	-0.094924
1.2214075	0.093666	0.00083152	-0.094973
1.2316475	0.093714	0.000830384	-0.095021
1.2418875	0.093761	0.00082914	-0.095068
1.25117312	0.093805	0.00082792	-0.095112
1.2623675	0.093856	0.000830339	-0.095163
1.2726075	0.093902	0.000832371	-0.095209
1.2828475	0.093948	0.000834239	-0.095255
1.2930875	0.093993	0.000835945	-0.0953
1.3033275	0.094038	0.000837495	-0.095345
1.3135675	0.094083	0.000838892	-0.09539
1.3238075	0.094127	0.00084014	-0.095434
1.3340475	0.09417	0.000841243	-0.095478
1.3442875	0.094214	0.000842206	-0.095522
1.3647675	0.094299	0.000843725	-0.095607
1.3852475	0.094384	0.000844728	-0.095692
1.4159675	0.094507	0.000845326	-0.095815
1.4466875	0.094628	0.000844921	-0.095936
1.4774075	0.094745	0.000843606	-0.096053
1.4978875	0.094821	0.000842267	-0.09613
1.5183675	0.094897	0.000840583	-0.096206
1.5286075	0.094934	0.000839621	-0.096243
1.5490875	0.095007	0.000837465	-0.096316
1.5593275	0.095044	0.00083628	-0.096353
1.5695675	0.09508	0.000835024	-0.096389
1.57885312	0.095113	0.000833826	-0.096422
1.5900475	0.095151	0.000834906	-0.09646
1.6002875	0.095187	0.00083579	-0.096496
1.6207675	0.095256	0.000837271	-0.096565
1.6412475	0.095325	0.000838386	-0.096634
1.6719675	0.095425	0.000839406	-0.096735
1.7129275	0.095557	0.000839633	-0.096867
1.7538875	0.095684	0.000838674	-0.096994
1.7743675	0.095747	0.000837786	-0.097057
1.7948475	0.095808	0.000836644	-0.097118
1.8153275	0.095869	0.000835261	-0.097179
1.8358075	0.095928	0.000833651	-0.097239
1.8562875	0.095987	0.000831825	-0.097298
1.8767675	0.096046	0.000829796	-0.097357
1.8972475	0.096103	0.000827575	-0.097414
1.90653312	0.096129	0.000826489	-0.09744
1.9177275	0.09616	0.000827653	-0.097471
1.9382075	0.096216	0.000829542	-0.097527
1.9586875	0.096272	0.000831173	-0.097583
1.9791675	0.096327	0.000832555	-0.097638
1.9996475	0.096381	0.000833694	-0.097692
2.0201275	0.096434	0.000834602	-0.097745
2.0610875	0.096539	0.00083575	-0.09785
2.1020475	0.09664	0.000836061	-0.097952
2.1430075	0.09674	0.000835597	-0.098052
2.1839675	0.096837	0.000834413	-0.098149
2.2044475	0.096885	0.000833569	-0.098197
2.2249275	0.096932	0.000832564	-0.098244
2.2454075	0.096979	0.000831407	-0.098291
2.2658875	0.097026	0.000830105	-0.098338
2.2863675	0.097071	0.000828663	-0.098383
2.3068475	0.097117	0.000827083	-0.098429
2.3273275	0.097162	0.000825377	-0.098474
2.3478075	0.097206	0.000823545	-0.098518
2.3682875	0.09725	0.000821597	-0.098562
2.3887675	0.097293	0.00081954	-0.098605
2.4092475	0.097335	0.000817372	-0.098648
2.4297275	0.097378	0.000815102	-0.098691
2.4502075	0.09742	0.000812738	-0.098733
2.4706875	0.097461	0.00081028	-0.098774
2.4911675	0.097502	0.000807734	-0.098815
2.5116475	0.097543	0.000805106	-0.098856
2.5321275	0.097583	0.0008024	-0.098896
2.5526075	0.097623	0.000799619	-0.098936
2.56189312	0.097641	0.000798325	-0.098954
2.6140475	0.097741	0.000799312	-0.099054
2.6754875	0.097855	0.000799453	-0.099168
2.7369275	0.097965	0.000798587	-0.099279
2.7778875	0.098037	0.000797492	-0.099351
2.8393275	0.098143	0.000795133	-0.099457
2.8598075	0.098178	0.000794168	-0.099492
2.8802875	0.098212	0.000793117	-0.099526
2.9007675	0.098246	0.000791985	-0.09956
2.9212475	0.09828	0.000790772	-0.099594
2.9417275	0.098313	0.000789483	-0.099627
2.9826875	0.09838	0.000786683	-0.099694
3.0031675	0.098412	0.000785178	-0.099726
3.0236475	0.098444	0.000783605	-0.099758
3.0441275	0.098476	0.000781968	-0.09979
3.0646075	0.098507	0.000780268	-0.099822
3.0850875	0.098539	0.000778508	-0.099854
3.1260475	0.098601	0.000774815	-0.099916
3.1465275	0.098632	0.000772888	-0.099947
3.1670075	0.098662	0.000770909	-0.099977
3.1874875	0.098692	0.00076888	-0.100007
3.2079675	0.098723	0.000766802	-0.100038
3.21725312	0.098736	0.00076584	-0.100051
3.3103675	0.098869	0.000764772	-0.100184
3.3513275	0.098926	0.000763858	-0.100241
3.3922875	0.098982	0.000762692	-0.100297
3.4332475	0.099037	0.000761286	-0.100352
3.4742075	0.099092	0.000759652	-0.100407
3.5151675	0.099145	0.000757801	-0.10046
3.5561275	0.099197	0.000755746	-0.100513
3.5970875	0.099249	0.000753496	-0.100565
3.6380475	0.099301	0.000751062	-0.100617
3.6790075	0.099351	0.000748454	-0.100667
3.7199675	0.099401	0.000745682	-0.100717
3.7609275	0.09945	0.000742754	-0.100766
3.8018875	0.099499	0.000739681	-0.100815
3.8428475	0.099547	0.00073647	-0.100863
3.87261312	0.099581	0.000734043	-0.100897
3.9247675	0.099641	0.000733045	-0.100957
3.9657275	0.099686	0.000732052	-0.101002
4.0066875	0.099732	0.000730892	-0.101048
4.0476475	0.099777	0.000729571	-0.101093
4.0886075	0.099821	0.000728095	-0.101137
4.1295675	0.099864	0.000726474	-0.10118
4.1705275	0.099907	0.000724711	-0.101223
4.2114875	0.099949	0.000722813	-0.101266
4.2524475	0.099991	0.000720787	-0.101308
4.2934075	0.100033	0.000718638	-0.10135
4.3343675	0.100074	0.000716373	-0.101391
4.3753275	0.100114	0.000713995	-0.101431
4.4162875	0.100154	0.000711512	-0.101471
4.4572475	0.100194	0.000708927	-0.101511
4.4982075	0.100233	0.000706247	-0.10155
4.52797312	0.100261	0.000704233	-0.101578
4.6620475	0.100385	0.000703103	-0.101702
4.7439675	0.100458	0.000701766	-0.101775
4.7849275	0.100494	0.000700929	-0.101811
4.8258875	0.10053	0.000699983	-0.101847
4.8668475	0.100564	0.000698931	-0.101882
4.9078075	0.100599	0.00069778	-0.101917
4.9487675	0.100633	0.00069653	-0.101951
4.9897275	0.100668	0.000695186	-0.101986
5.0306875	0.100701	0.000693751	-0.102019
5.0716475	0.100735	0.000692228	-0.102053
5.1126075	0.100768	0.000690621	-0.102086
5.1535675	0.100801	0.000688932	-0.102119
5.1945275	0.100833	0.000687165	-0.102151
5.2354875	0.100865	0.000685323	-0.102183
5.3174075	0.100928	0.000681423	-0.102246
5.3583675	0.100959	0.000679383	-0.102277
5.3993275	0.10099	0.000677267	-0.102308
5.4402875	0.101021	0.000675088	-0.102339
5.4812475	0.101051	0.00067285	-0.102369
5.5222075	0.10108	0.000670555	-0.102399
5.6041275	0.101139	0.000665805	-0.102458
5.6450875	0.101168	0.000663355	-0.102487
5.6860475	0.101197	0.000660857	-0.102516
5.7270075	0.101225	0.000658313	-0.102544
5.7679675	0.101253	0.000655726	-0.102572
5.8089275	0.101281	0.000653099	-0.1026
5.83869312	0.101301	0.000651141	-0.10262
5.8908475	0.101336	0.000650364	-0.102655
5.9318075	0.101364	0.000649661	-0.102683
5.9727675	0.101391	0.000648892	-0.10271
6.0137275	0.101417	0.000648061	-0.102736
6.0546875	0.101444	0.000647168	-0.102763
6.0956475	0.10147	0.000646215	-0.102789
6.1775675	0.101521	0.000644137	-0.102841
6.2594875	0.101572	0.000641839	-0.102892
6.3414075	0.101622	0.000639334	-0.102942
6.4233275	0.101671	0.000636634	-0.102991
6.5052475	0.10172	0.000633748	-0.10304
6.5871675	0.101767	0.00063069	-0.103087
6.6690875	0.101814	0.000627469	-0.103134
6.7510075	0.10186	0.000624094	-0.10318
6.8329275	0.101905	0.000620576	-0.103226
6.9148475	0.101949	0.000616925	-0.10327
6.9967675	0.101993	0.000613149	-0.103314
7.0786875	0.102037	0.000609255	-0.103358
7.14941312	0.102073	0.0006058	-0.103394
7.2425275	0.102121	0.000604086	-0.103442
7.3244475	0.102163	0.000602406	-0.103484
7.4063675	0.102203	0.000600579	-0.103524
7.4882875	0.102243	0.000598612	-0.103564
7.5702075	0.102283	0.000596511	-0.103604
7.6521275	0.102322	0.000594281	-0.103643
7.7340475	0.10236	0.000591932	-0.103681
7.8159675	0.102397	0.000589466	-0.103719
7.8978875	0.102435	0.000586891	-0.103757
7.9798075	0.102471	0.00058421	-0.103793
8.0617275	0.102508	0.000581432	-0.10383
8.1436475	0.102543	0.00057856	-0.103865
8.2255675	0.102579	0.000575599	-0.103901
8.3074875	0.102614	0.000572554	-0.103936
8.3894075	0.102648	0.000569431	-0.10397
8.46013312	0.102677	0.000566669	-0.103999
8.5532475	0.102716	0.000564949	-0.104038
8.6351675	0.102749	0.000563325	-0.104071
8.7170875	0.102782	0.000561605	-0.104104
8.7990075	0.102814	0.000559794	-0.104136
8.8809275	0.102846	0.000557893	-0.104168
8.9628475	0.102877	0.000555908	-0.104199
9.0447675	0.102908	0.000553842	-0.10423
9.1266875	0.102938	0.000551699	-0.104261
9.2086075	0.102968	0.00054948	-0.104291
9.2905275	0.102998	0.000547191	-0.104321
9.3724475	0.103028	0.000544834	-0.104351
9.4543675	0.103057	0.000542412	-0.10438
9.5362875	0.103086	0.000539928	-0.104409
9.6182075	0.103115	0.000537385	-0.104438
9.77085312	0.103167	0.000532491	-0.10449
9.8639675	0.103199	0.000531419	-0.104522
9.9458875	0.103226	0.00053039	-0.104549
10.0278075	0.103253	0.000529289	-0.104576
10.1097275	0.10328	0.000528117	-0.104603
10.1916475	0.103307	0.000526878	-0.10463
10.3554875	0.103358	0.000524204	-0.104681
10.4374075	0.103384	0.000522774	-0.104707
10.5193275	0.103409	0.000521284	-0.104732
10.6012475	0.103435	0.000519737	-0.104758
10.6831675	0.103459	0.000518134	-0.104782
10.7650875	0.103484	0.000516477	-0.104807
10.9289275	0.103532	0.000513011	-0.104855
11.0927675	0.103578	0.000509351	-0.104902
11.2566075	0.103625	0.000505512	-0.104949
11.4204475	0.10367	0.000501507	-0.104994
11.5842875	0.103715	0.000497347	-0.105039
11.7481275	0.103759	0.000493046	-0.105083
11.9119675	0.103801	0.000488613	-0.105125
12.0758075	0.103844	0.00048406	-0.105168
12.2396475	0.103885	0.000479398	-0.105209
12.3922931	0.103922	0.000474959	-0.105246
12.5673275	0.103965	0.000473966	-0.105289
12.7311675	0.104004	0.000472856	-0.105328
12.8950075	0.104043	0.000471584	-0.105367
13.0588475	0.104081	0.000470155	-0.105405
13.2226875	0.104118	0.000468578	-0.105442
13.3865275	0.104154	0.00046686	-0.105478
13.5503675	0.10419	0.000465007	-0.105514
13.7142075	0.104224	0.000463025	-0.105549
13.8780475	0.104259	0.00046092	-0.105584
14.0418875	0.104293	0.000458699	-0.105618
14.2057275	0.104327	0.000456367	-0.105652
14.3695675	0.10436	0.00045393	-0.105685
14.5334075	0.104392	0.000451392	-0.105717
14.6972475	0.104424	0.00044876	-0.105749
14.8610875	0.104456	0.000446038	-0.105781
15.0249275	0.104487	0.000443231	-0.105812
15.1887675	0.104517	0.000440344	-0.105842
15.3526075	0.104548	0.000437382	-0.105873
15.5164475	0.104577	0.000434347	-0.105902
15.6802875	0.104606	0.000431245	-0.105931
15.8441275	0.104635	0.000428079	-0.10596
16.0079675	0.104664	0.000424855	-0.105989
16.1718075	0.104692	0.000421574	-0.106017
16.3356475	0.104718	0.000418242	-0.106044
16.4994875	0.104745	0.000414861	-0.106071
16.6633275	0.104772	0.000411434	-0.106098
16.8271675	0.104799	0.000407965	-0.106125
16.9910075	0.104825	0.000404457	-0.106151
17.1548475	0.104851	0.000400913	-0.106177
17.3186875	0.104876	0.000397335	-0.106202
17.4825275	0.104901	0.000393728	-0.106227
17.6351731	0.104924	0.000390339	-0.10625
17.8102075	0.10495	0.000389098	-0.106276
18.1378875	0.104998	0.000386572	-0.106324
18.3017275	0.105022	0.000385214	-0.106348
18.4655675	0.105045	0.000383797	-0.106371
18.6294075	0.105068	0.000382323	-0.106394
18.7932475	0.10509	0.000380792	-0.106416
18.9570875	0.105112	0.000379208	-0.106439
19.2847675	0.105155	0.000375887	-0.106482
19.4486075	0.105177	0.000374154	-0.106504
19.6124475	0.105198	0.000372374	-0.106525
19.7762875	0.105219	0.000370551	-0.106546
19.9401275	0.10524	0.000368685	-0.106567
20.1039675	0.105261	0.000366777	-0.106588
20.4316475	0.105301	0.000362846	-0.106628
20.7593275	0.105341	0.00035877	-0.106668
21.0870075	0.105379	0.000354561	-0.106706
21.4146875	0.105417	0.00035023	-0.106744
21.7423675	0.105453	0.000345788	-0.106781
22.0700475	0.105489	0.000341245	-0.106817
22.3977275	0.105524	0.00033661	-0.106852
22.7254075	0.105559	0.000331892	-0.106887
22.8780531	0.105575	0.000329656	-0.106903
23.0530875	0.105593	0.000328537	-0.106921
23.3807675	0.105626	0.00032632	-0.106954
23.7084475	0.105659	0.000323978	-0.106987
24.0361275	0.105691	0.00032152	-0.107019
24.3638075	0.105722	0.000318952	-0.10705
24.6914875	0.105753	0.000316279	-0.107081
25.0191675	0.105783	0.000313508	-0.107111
25.3468475	0.105813	0.000310646	-0.107141
25.6745275	0.105841	0.000307698	-0.10717
26.0022075	0.105869	0.000304668	-0.107198
26.3298875	0.105897	0.000301563	-0.107226
26.6575675	0.105925	0.000298387	-0.107254
26.9852475	0.105952	0.000295146	-0.107281
27.3129275	0.105978	0.000291843	-0.107307
27.6406075	0.106004	0.000288483	-0.107333
27.9682875	0.10603	0.000285071	-0.107359
28.1209331	0.106042	0.000283457	-0.107371
28.2959675	0.106055	0.000282487	-0.107384
28.6236475	0.10608	0.000280598	-0.107409
28.9513275	0.106104	0.00027864	-0.107433
29.2790075	0.106128	0.000276613	-0.107457
29.6066875	0.106152	0.000274521	-0.107481
29.9343675	0.106175	0.000272368	-0.107504
30.2620475	0.106198	0.000270157	-0.107527
30.5897275	0.10622	0.00026789	-0.107549
30.9174075	0.106241	0.00026557	-0.107571
31.2450875	0.106263	0.0002632	-0.107593
31.9004475	0.106306	0.000258322	-0.107636
32.2281275	0.106327	0.000255819	-0.107657
32.5558075	0.106347	0.000253275	-0.107677
32.8834875	0.106367	0.000250694	-0.107697
33.2111675	0.106387	0.000248078	-0.107717
33.3638131	0.106396	0.000246843	-0.107726
33.5388475	0.106407	0.00024623	-0.107737
34.1942075	0.106445	0.000243794	-0.107775
34.5218875	0.106464	0.000242504	-0.107794
34.8495675	0.106483	0.000241169	-0.107813
35.1772475	0.106501	0.00023979	-0.107831
35.5049275	0.106519	0.000238369	-0.107849
35.8326075	0.106537	0.000236908	-0.107867
36.4879675	0.106571	0.000233871	-0.107901
37.1433275	0.106605	0.000230689	-0.107935
37.7986875	0.106638	0.000227374	-0.107968
38.4540475	0.106671	0.000223936	-0.108001
39.1094075	0.106701	0.000220386	-0.108032
39.7647675	0.106732	0.000216733	-0.108063
40.4201275	0.106762	0.000212985	-0.108093
41.0754875	0.106791	0.000209151	-0.108122
41.7308475	0.106819	0.000205239	-0.10815
42.3862075	0.106847	0.000201255	-0.108178
43.0415675	0.106875	0.000197209	-0.108206
43.6969275	0.106901	0.000193104	-0.108232
43.8495731	0.106907	0.000192135	-0.108238
44.3522875	0.106927	0.000191236	-0.108258
45.0076475	0.106953	0.00018997	-0.108284
45.6630075	0.106978	0.00018861	-0.108309
46.3183675	0.107002	0.000187161	-0.108333
46.9737275	0.107026	0.000185628	-0.108357
47.6290875	0.107049	0.000184013	-0.10838
48.2844475	0.107072	0.000182323	-0.108403
48.9398075	0.107094	0.00018056	-0.108425
49.5951675	0.107115	0.000178728	-0.108447
50.2505275	0.107137	0.000176831	-0.108469
50.9058875	0.107158	0.000174873	-0.10849
51.5612475	0.107179	0.000172856	-0.108511
52.2166075	0.107199	0.000170784	-0.108531
52.8719675	0.107219	0.00016866	-0.108551
53.5273275	0.107239	0.000166487	-0.108571
54.1826875	0.107258	0.000164267	-0.10859
54.8380475	0.107277	0.000162004	-0.108609
55.4934075	0.107295	0.0001597	-0.108627
56.1487675	0.107313	0.000157358	-0.108645
57.4594875	0.107349	0.000152568	-0.108681
58.1148475	0.107366	0.000150125	-0.108698
58.7702075	0.107383	0.000147652	-0.108715
59.4255675	0.1074	0.000145152	-0.108732
60.0809275	0.107415	0.000142627	-0.108748
60.7362875	0.107431	0.000140078	-0.108764
62.0470075	0.107463	0.000134918	-0.108796
63.3577275	0.107493	0.000129685	-0.108826
64.6684475	0.107523	0.000124392	-0.108856
64.8210931	0.107526	0.000123768	-0.108859
65.9791675	0.107551	0.000122125	-0.108884
67.2898875	0.107579	0.000120145	-0.108912
68.6006075	0.107606	0.000118048	-0.108939
69.9113275	0.107632	0.000115843	-0.108965
71.2220475	0.107658	0.000113538	-0.108991
72.5327675	0.107683	0.00011114	-0.109016
73.8434875	0.107706	0.000108657	-0.109039
75.1542075	0.10773	0.000106094	-0.109063
76.4649275	0.107752	0.000103458	-0.109086
77.7756475	0.107774	0.000100755	-0.109108
79.0863675	0.107796	9.79899e-05	-0.10913
80.3970875	0.107816	9.51689e-05	-0.10915
81.7078075	0.107837	9.22965e-05	-0.109171
83.0185275	0.107857	8.93775e-05	-0.109191
84.3292475	0.107877	8.64162e-05	-0.109211
85.6399675	0.107896	8.34168e-05	-0.10923
85.7926131	0.107898	8.30637e-05	-0.109232
86.9506875	0.107914	8.18949e-05	-0.109248
88.2614075	0.107933	8.05178e-05	-0.109267
89.5721275	0.10795	7.9088e-05	-0.109284
90.8828475	0.107968	7.76082e-05	-0.109302
92.1935675	0.107984	7.60813e-05	-0.109319
93.5042875	0.108	7.45099e-05	-0.109335
94.8150075	0.108017	7.28966e-05	-0.109352
96.1257275	0.108032	7.12436e-05	-0.109367
97.4364475	0.108048	6.95536e-05	-0.109383
100.057888	0.108078	6.60707e-05	-0.109413
101.368608	0.108093	6.42821e-05	-0.109428
102.679328	0.108106	6.24646e-05	-0.109442
103.990048	0.10812	6.06203e-05	-0.109456
105.300768	0.108134	5.87509e-05	-0.10947
106.611488	0.108147	5.68579e-05	-0.109483
106.764133	0.108149	5.66346e-05	-0.109485
109.232928	0.108174	5.48309e-05	-0.10951
111.854368	0.108199	5.28048e-05	-0.109535
114.475808	0.108223	5.06755e-05	-0.109559
117.097248	0.108247	4.84521e-05	-0.109583
119.718688	0.108269	4.61431e-05	-0.109605
122.340128	0.108291	4.37565e-05	-0.109627
124.961568	0.108312	4.12996e-05	-0.109648
127.583008	0.108333	3.87793e-05	-0.109669
127.735653	0.108334	3.863e-05	-0.10967
130.204448	0.108353	3.77271e-05	-0.109689
132.825888	0.108372	3.67013e-05	-0.109708
135.447328	0.108391	3.56115e-05	-0.109727
138.068768	0.108408	3.44615e-05	-0.109744
140.690208	0.108426	3.32553e-05	-0.109762
143.311648	0.108443	3.19963e-05	-0.109779
145.933088	0.108459	3.06882e-05	-0.109795
148.554528	0.108475	2.93343e-05	-0.109811
151.175968	0.10849	2.79375e-05	-0.109827
153.797408	0.108505	2.65009e-05	-0.109842
156.418848	0.10852	2.50274e-05	-0.109857
159.040288	0.108534	2.35195e-05	-0.109871
161.661728	0.108548	2.19799e-05	-0.109885
164.283168	0.108562	2.04109e-05	-0.109899
166.904608	0.108575	1.88148e-05	-0.109912
169.526048	0.108588	1.71938e-05	-0.109925
169.678693	0.108589	1.70985e-05	-0.109926
172.147488	0.108601	1.69149e-05	-0.109938
177.390368	0.108625	1.64455e-05	-0.109962
180.011808	0.108637	1.61726e-05	-0.109974
182.633248	0.108648	1.58755e-05	-0.109985
185.254688	0.108659	1.5555e-05	-0.109996
187.876128	0.10867	1.52122e-05	-0.110007
190.497568	0.108681	1.48478e-05	-0.110018
195.740448	0.108701	1.40577e-05	-0.110039
200.983328	0.10872	1.31913e-05	-0.110058
206.226208	0.108739	1.22545e-05	-0.110077
211.469088	0.108758	1.1253e-05	-0.110096
216.711968	0.108775	1.01923e-05	-0.110113
221.954848	0.108792	9.0772e-06	-0.11013
227.197728	0.108808	7.91237e-06	-0.110146
232.440608	0.108824	6.70222e-06	-0.110162
237.683488	0.108838	5.4508e-06	-0.110177
242.926368	0.108852	4.16189e-06	-0.110191
248.169248	0.108866	2.83902e-06	-0.110205
253.412128	0.108879	1.48549e-06	-0.110218
253.564773	0.108879	1.44565e-06	-0.110218
258.655008	0.108893	1.56806e-06	-0.110232
263.897888	0.108905	1.66743e-06	-0.110244
269.140768	0.108917	1.74071e-06	-0.110256
274.383648	0.108929	1.78892e-06	-0.110268
279.626528	0.108941	1.81302e-06	-0.11028
290.112288	0.108963	1.79279e-06	-0.110302
300.598048	0.108982	1.68739e-06	-0.110322
305.840928	0.108992	1.60497e-06	-0.110332
311.083808	0.109002	1.50384e-06	-0.110342
316.326688	0.109011	1.38481e-06	-0.110351
321.569568	0.10902	1.24867e-06	-0.11036
326.812448	0.109029	1.09615e-06	-0.110369
337.298208	0.109046	7.44923e-07	-0.110386
337.450853	0.109046	7.3945e-07	-0.110386
347.783968	0.109062	1.49657e-06	-0.110402
358.269728	0.109077	2.23009e-06	-0.110417
368.755488	0.109092	2.92928e-06	-0.110432
379.241248	0.109106	3.59511e-06	-0.110446
389.727008	0.109118	4.22849e-06	-0.110459
400.212768	0.109131	4.83048e-06	-0.110472
410.698528	0.109143	5.4021e-06	-0.110484
421.184288	0.109155	5.94444e-06	-0.110496
421.336933	0.109155	5.95219e-06	-0.110496
431.670048	0.109166	6.96141e-06	-0.110507
442.155808	0.109177	7.97387e-06	-0.110518
452.641568	0.109187	8.97402e-06	-0.110528
463.127328	0.109197	9.96144e-06	-0.110538
473.613088	0.109205	1.09358e-05	-0.110547
484.098848	0.109214	1.18967e-05	-0.110556
494.584608	0.109223	1.28442e-05	-0.110565
505.223013	0.109232	1.37946e-05	-0.110574
515.556128	0.10924	1.49393e-05	-0.110582
526.041888	0.109248	1.61065e-05	-0.11059
536.527648	0.109256	1.72755e-05	-0.110598
547.013408	0.109263	1.84452e-05	-0.110605
557.499168	0.10927	1.9615e-05	-0.110612
567.984928	0.109277	2.07842e-05	-0.110619
588.956448	0.109291	2.31183e-05	-0.110633
609.927968	0.109303	2.54428e-05	-0.110645
630.899488	0.109315	2.77539e-05	-0.110657
651.871008	0.109326	3.00484e-05	-0.110668
672.842528	0.109337	3.23235e-05	-0.110679
693.814048	0.109347	3.45649e-05	-0.110689
714.785568	0.109357	3.68423e-05	-0.110699
735.757088	0.109366	3.91512e-05	-0.110708
756.728608	0.109374	4.14876e-05	-0.110716
777.700128	0.109381	4.38475e-05	-0.110724
798.671648	0.109389	4.62274e-05	-0.110732
819.643168	0.109397	4.86239e-05	-0.11074
840.614688	0.109404	5.10339e-05	-0.110747
882.557728	0.109417	5.58842e-05	-0.11076
903.529248	0.109424	5.83192e-05	-0.110767
924.500768	0.10943	6.07584e-05	-0.110773
945.472288	0.109435	6.31989e-05	-0.110779
966.443808	0.10944	6.56398e-05	-0.110784
987.415328	0.109446	6.80789e-05	-0.11079
1008.53949	0.109446	7.0823e-05	-0.11079
